<?xml version="1.0" encoding="UTF-8" standalone="no"?>
<?fileVersion 4.0.0?>

<cproject storage_type_id="org.eclipse.cdt.core.XmlProjectDescriptionStorage">
	<storageModule configRelations="2" moduleId="org.eclipse.cdt.core.settings">
		<cconfiguration id="com.ti.ccstudio.buildDefinitions.TMS470.Debug.8469640">
			<storageModule buildSystemId="org.eclipse.cdt.managedbuilder.core.configurationDataProvider" id="com.ti.ccstudio.buildDefinitions.TMS470.Debug.8469640" moduleId="org.eclipse.cdt.core.settings" name="Debug">
				<macros>
					<stringMacro name="SW_ROOT" type="VALUE_PATH_DIR" value="${PROJECT_ROOT}/../.."/>
				</macros>
				<externalSettings/>
				<extensions>
					<extension id="com.ti.ccstudio.binaryparser.CoffParser" point="org.eclipse.cdt.core.BinaryParser"/>
					<extension id="com.ti.ccstudio.errorparser.CoffErrorParser" point="org.eclipse.cdt.core.ErrorParser"/>
					<extension id="com.ti.ccstudio.errorparser.LinkErrorParser" point="org.eclipse.cdt.core.ErrorParser"/>
					<extension id="com.ti.ccstudio.errorparser.AsmErrorParser" point="org.eclipse.cdt.core.ErrorParser"/>
				</extensions>
			</storageModule>
			<storageModule moduleId="cdtBuildSystem" version="4.0.0">
				<configuration artifactExtension="lib" artifactName="${ProjName}" buildProperties="" cleanCommand="${CG_CLEAN_CMD}" description="" id="com.ti.ccstudio.buildDefinitions.TMS470.Debug.8469640" name="Debug" parent="com.ti.ccstudio.buildDefinitions.TMS470.Debug" postbuildStep="" prebuildStep="">
					<folderInfo id="com.ti.ccstudio.buildDefinitions.TMS470.Debug.8469640." name="/" resourcePath="">
						<toolChain id="com.ti.ccstudio.buildDefinitions.TMS470_5.2.libraryDebugToolchain.613716274" name="TI Build Tools" superClass="com.ti.ccstudio.buildDefinitions.TMS470_5.2.libraryDebugToolchain" targetTool="com.ti.ccstudio.buildDefinitions.TMS470_5.2.library.librarianDebug.1040227131">
							<option id="com.ti.ccstudio.buildDefinitions.core.OPT_TAGS.1623591091" superClass="com.ti.ccstudio.buildDefinitions.core.OPT_TAGS" valueType="stringList">
								<listOptionValue builtIn="false" value="DEVICE_CONFIGURATION_ID=Cortex M.TM4C1230C3PM"/>
								<listOptionValue builtIn="false" value="DEVICE_ENDIANNESS=little"/>
								<listOptionValue builtIn="false" value="OUTPUT_FORMAT=ELF"/>
								<listOptionValue builtIn="false" value="CCS_MBS_VERSION=5.5.0"/>
								<listOptionValue builtIn="false" value="OUTPUT_TYPE=staticLibrary"/>
							</option>
							<option id="com.ti.ccstudio.buildDefinitions.core.OPT_CODEGEN_VERSION.1396229522" superClass="com.ti.ccstudio.buildDefinitions.core.OPT_CODEGEN_VERSION" value="5.2.6" valueType="string"/>
							<targetPlatform id="com.ti.ccstudio.buildDefinitions.TMS470_5.2.library.targetPlatformDebug.479604260" name="Platform" superClass="com.ti.ccstudio.buildDefinitions.TMS470_5.2.library.targetPlatformDebug"/>
							<builder buildPath="${BuildDirectory}" id="com.ti.ccstudio.buildDefinitions.TMS470_5.2.library.builderDebug.94105024" name="GNU Make.Debug" superClass="com.ti.ccstudio.buildDefinitions.TMS470_5.2.library.builderDebug"/>
							<tool id="com.ti.ccstudio.buildDefinitions.TMS470_5.2.library.compilerDebug.1628954597" name="ARM Compiler" superClass="com.ti.ccstudio.buildDefinitions.TMS470_5.2.library.compilerDebug">
								<option id="com.ti.ccstudio.buildDefinitions.TMS470_5.2.compilerID.SILICON_VERSION.612458324" superClass="com.ti.ccstudio.buildDefinitions.TMS470_5.2.compilerID.SILICON_VERSION" value="com.ti.ccstudio.buildDefinitions.TMS470_5.2.compilerID.SILICON_VERSION.7M4" valueType="enumerated"/>
								<option id="com.ti.ccstudio.buildDefinitions.TMS470_5.2.compilerID.CODE_STATE.1026258065" superClass="com.ti.ccstudio.buildDefinitions.TMS470_5.2.compilerID.CODE_STATE" value="com.ti.ccstudio.buildDefinitions.TMS470_5.2.compilerID.CODE_STATE.16" valueType="enumerated"/>
								<option id="com.ti.ccstudio.buildDefinitions.TMS470_5.2.compilerID.ABI.279997489" superClass="com.ti.ccstudio.buildDefinitions.TMS470_5.2.compilerID.ABI" value="com.ti.ccstudio.buildDefinitions.TMS470_5.2.compilerID.ABI.eabi" valueType="enumerated"/>
								<option id="com.ti.ccstudio.buildDefinitions.TMS470_5.2.compilerID.FLOAT_SUPPORT.1203553848" superClass="com.ti.ccstudio.buildDefinitions.TMS470_5.2.compilerID.FLOAT_SUPPORT" value="com.ti.ccstudio.buildDefinitions.TMS470_5.2.compilerID.FLOAT_SUPPORT.FPv4SPD16" valueType="enumerated"/>
								<option id="com.ti.ccstudio.buildDefinitions.TMS470_5.2.compilerID.GCC.926373751" superClass="com.ti.ccstudio.buildDefinitions.TMS470_5.2.compilerID.GCC" value="true" valueType="boolean"/>
								<option id="com.ti.ccstudio.buildDefinitions.TMS470_5.2.compilerID.DEFINE.1175295039" superClass="com.ti.ccstudio.buildDefinitions.TMS470_5.2.compilerID.DEFINE" valueType="definedSymbols">
									<listOptionValue builtIn="false" value="ccs=&quot;ccs&quot;"/>
									<listOptionValue builtIn="false" value="PART_TM4C1230C3PM"/>
								</option>
								<option id="com.ti.ccstudio.buildDefinitions.TMS470_5.2.compilerID.DEBUGGING_MODEL.177941184" superClass="com.ti.ccstudio.buildDefinitions.TMS470_5.2.compilerID.DEBUGGING_MODEL" value="com.ti.ccstudio.buildDefinitions.TMS470_5.2.compilerID.DEBUGGING_MODEL.SYMDEBUG__DWARF" valueType="enumerated"/>
								<option id="com.ti.ccstudio.buildDefinitions.TMS470_5.2.compilerID.ADVICE__POWER.1254847416" superClass="com.ti.ccstudio.buildDefinitions.TMS470_5.2.compilerID.ADVICE__POWER" value="all" valueType="string"/>
								<option id="com.ti.ccstudio.buildDefinitions.TMS470_5.2.compilerID.DIAG_WARNING.624337068" superClass="com.ti.ccstudio.buildDefinitions.TMS470_5.2.compilerID.DIAG_WARNING" valueType="stringList">
									<listOptionValue builtIn="false" value="225"/>
								</option>
								<option id="com.ti.ccstudio.buildDefinitions.TMS470_5.2.compilerID.DISPLAY_ERROR_NUMBER.804347363" superClass="com.ti.ccstudio.buildDefinitions.TMS470_5.2.compilerID.DISPLAY_ERROR_NUMBER" value="true" valueType="boolean"/>
								<option id="com.ti.ccstudio.buildDefinitions.TMS470_5.2.compilerID.DIAG_WRAP.1181352709" superClass="com.ti.ccstudio.buildDefinitions.TMS470_5.2.compilerID.DIAG_WRAP" value="com.ti.ccstudio.buildDefinitions.TMS470_5.2.compilerID.DIAG_WRAP.off" valueType="enumerated"/>
								<option id="com.ti.ccstudio.buildDefinitions.TMS470_5.2.compilerID.INCLUDE_PATH.1443748811" superClass="com.ti.ccstudio.buildDefinitions.TMS470_5.2.compilerID.INCLUDE_PATH" valueType="includePath">
									<listOptionValue builtIn="false" value="&quot;${CG_TOOL_ROOT}/include&quot;"/>
									<listOptionValue builtIn="false" value="&quot;${SW_ROOT}&quot;"/>
								</option>
								<option id="com.ti.ccstudio.buildDefinitions.TMS470_5.2.compilerID.LITTLE_ENDIAN.306297170" superClass="com.ti.ccstudio.buildDefinitions.TMS470_5.2.compilerID.LITTLE_ENDIAN" value="true" valueType="boolean"/>
								<option id="com.ti.ccstudio.buildDefinitions.TMS470_5.2.compilerID.GEN_FUNC_SUBSECTIONS.1221151201" superClass="com.ti.ccstudio.buildDefinitions.TMS470_5.2.compilerID.GEN_FUNC_SUBSECTIONS" value="com.ti.ccstudio.buildDefinitions.TMS470_5.2.compilerID.GEN_FUNC_SUBSECTIONS.on" valueType="enumerated"/>
								<option id="com.ti.ccstudio.buildDefinitions.TMS470_5.2.compilerID.OPT_LEVEL.2052331034" superClass="com.ti.ccstudio.buildDefinitions.TMS470_5.2.compilerID.OPT_LEVEL" value="com.ti.ccstudio.buildDefinitions.TMS470_5.2.compilerID.OPT_LEVEL.2" valueType="enumerated"/>
								<option id="com.ti.ccstudio.buildDefinitions.TMS470_5.2.compilerID.UAL.2043071552" superClass="com.ti.ccstudio.buildDefinitions.TMS470_5.2.compilerID.UAL" value="true" valueType="boolean"/>
								<inputType id="com.ti.ccstudio.buildDefinitions.TMS470_5.2.compiler.inputType__C_SRCS.1065518091" name="C Sources" superClass="com.ti.ccstudio.buildDefinitions.TMS470_5.2.compiler.inputType__C_SRCS"/>
								<inputType id="com.ti.ccstudio.buildDefinitions.TMS470_5.2.compiler.inputType__CPP_SRCS.955171364" name="C++ Sources" superClass="com.ti.ccstudio.buildDefinitions.TMS470_5.2.compiler.inputType__CPP_SRCS"/>
								<inputType id="com.ti.ccstudio.buildDefinitions.TMS470_5.2.compiler.inputType__ASM_SRCS.1194133463" name="Assembly Sources" superClass="com.ti.ccstudio.buildDefinitions.TMS470_5.2.compiler.inputType__ASM_SRCS"/>
								<inputType id="com.ti.ccstudio.buildDefinitions.TMS470_5.2.compiler.inputType__ASM2_SRCS.2948534" name="Assembly Sources" superClass="com.ti.ccstudio.buildDefinitions.TMS470_5.2.compiler.inputType__ASM2_SRCS"/>
							</tool>
							<tool id="com.ti.ccstudio.buildDefinitions.TMS470_5.2.library.librarianDebug.1040227131" name="ARM Archiver" superClass="com.ti.ccstudio.buildDefinitions.TMS470_5.2.library.librarianDebug">
								<option id="com.ti.ccstudio.buildDefinitions.TMS470_5.2.archiverID.OUTPUT_FILE.159921260" superClass="com.ti.ccstudio.buildDefinitions.TMS470_5.2.archiverID.OUTPUT_FILE" value="&quot;${ProjName}.lib&quot;" valueType="string"/>
							</tool>
						</toolChain>
					</folderInfo>
				</configuration>
			</storageModule>
			<storageModule moduleId="org.eclipse.cdt.core.externalSettings"/>
		</cconfiguration>
		<cconfiguration id="com.ti.ccstudio.buildDefinitions.TMS470.Release.552980104">
			<storageModule buildSystemId="org.eclipse.cdt.managedbuilder.core.configurationDataProvider" id="com.ti.ccstudio.buildDefinitions.TMS470.Release.552980104" moduleId="org.eclipse.cdt.core.settings" name="Release">
				<macros>
					<stringMacro name="SW_ROOT" type="VALUE_PATH_DIR" value="${PROJECT_ROOT}/../.."/>
				</macros>
				<externalSettings/>
				<extensions>
					<extension id="com.ti.ccstudio.binaryparser.CoffParser" point="org.eclipse.cdt.core.BinaryParser"/>
					<extension id="com.ti.ccstudio.errorparser.CoffErrorParser" point="org.eclipse.cdt.core.ErrorParser"/>
					<extension id="com.ti.ccstudio.errorparser.LinkErrorParser" point="org.eclipse.cdt.core.ErrorParser"/>
					<extension id="com.ti.ccstudio.errorparser.AsmErrorParser" point="org.eclipse.cdt.core.ErrorParser"/>
				</extensions>
			</storageModule>
			<storageModule moduleId="cdtBuildSystem" version="4.0.0">
				<configuration artifactExtension="lib" artifactName="${ProjName}" buildProperties="" cleanCommand="${CG_CLEAN_CMD}" description="" id="com.ti.ccstudio.buildDefinitions.TMS470.Release.552980104" name="Release" parent="com.ti.ccstudio.buildDefinitions.TMS470.Release" postbuildStep="" prebuildStep="">
					<folderInfo id="com.ti.ccstudio.buildDefinitions.TMS470.Release.552980104." name="/" resourcePath="">
						<toolChain id="com.ti.ccstudio.buildDefinitions.TMS470_5.2.library.ReleaseToolchain.457962084" name="TI Build Tools" superClass="com.ti.ccstudio.buildDefinitions.TMS470_5.2.library.ReleaseToolchain" targetTool="com.ti.ccstudio.buildDefinitions.TMS470_5.2.library.librarianRelease.375315226">
							<option id="com.ti.ccstudio.buildDefinitions.core.OPT_TAGS.797442524" superClass="com.ti.ccstudio.buildDefinitions.core.OPT_TAGS" valueType="stringList">
								<listOptionValue builtIn="false" value="DEVICE_CONFIGURATION_ID=Cortex M.TM4C1230C3PM"/>
								<listOptionValue builtIn="false" value="DEVICE_ENDIANNESS=little"/>
								<listOptionValue builtIn="false" value="OUTPUT_FORMAT=ELF"/>
								<listOptionValue builtIn="false" value="CCS_MBS_VERSION=5.5.0"/>
								<listOptionValue builtIn="false" value="OUTPUT_TYPE=staticLibrary"/>
							</option>
							<option id="com.ti.ccstudio.buildDefinitions.core.OPT_CODEGEN_VERSION.1010503401" superClass="com.ti.ccstudio.buildDefinitions.core.OPT_CODEGEN_VERSION" value="5.2.6" valueType="string"/>
							<targetPlatform id="com.ti.ccstudio.buildDefinitions.TMS470_5.2.library.targetPlatformRelease.98985026" name="Platform" superClass="com.ti.ccstudio.buildDefinitions.TMS470_5.2.library.targetPlatformRelease"/>
							<builder buildPath="${BuildDirectory}" id="com.ti.ccstudio.buildDefinitions.TMS470_5.2.library.builderRelease.449235776" name="GNU Make.Release" superClass="com.ti.ccstudio.buildDefinitions.TMS470_5.2.library.builderRelease"/>
							<tool id="com.ti.ccstudio.buildDefinitions.TMS470_5.2.library.compilerRelease.2084303397" name="ARM Compiler" superClass="com.ti.ccstudio.buildDefinitions.TMS470_5.2.library.compilerRelease">
								<option id="com.ti.ccstudio.buildDefinitions.TMS470_5.2.compilerID.SILICON_VERSION.875004735" superClass="com.ti.ccstudio.buildDefinitions.TMS470_5.2.compilerID.SILICON_VERSION" value="com.ti.ccstudio.buildDefinitions.TMS470_5.2.compilerID.SILICON_VERSION.7M4" valueType="enumerated"/>
								<option id="com.ti.ccstudio.buildDefinitions.TMS470_5.2.compilerID.CODE_STATE.1684613470" superClass="com.ti.ccstudio.buildDefinitions.TMS470_5.2.compilerID.CODE_STATE" value="com.ti.ccstudio.buildDefinitions.TMS470_5.2.compilerID.CODE_STATE.16" valueType="enumerated"/>
								<option id="com.ti.ccstudio.buildDefinitions.TMS470_5.2.compilerID.ABI.407350764" superClass="com.ti.ccstudio.buildDefinitions.TMS470_5.2.compilerID.ABI" value="com.ti.ccstudio.buildDefinitions.TMS470_5.2.compilerID.ABI.eabi" valueType="enumerated"/>
								<option id="com.ti.ccstudio.buildDefinitions.TMS470_5.2.compilerID.FLOAT_SUPPORT.1152846226" superClass="com.ti.ccstudio.buildDefinitions.TMS470_5.2.compilerID.FLOAT_SUPPORT" value="com.ti.ccstudio.buildDefinitions.TMS470_5.2.compilerID.FLOAT_SUPPORT.FPv4SPD16" valueType="enumerated"/>
								<option id="com.ti.ccstudio.buildDefinitions.TMS470_5.2.compilerID.GCC.704663931" superClass="com.ti.ccstudio.buildDefinitions.TMS470_5.2.compilerID.GCC" value="true" valueType="boolean"/>
								<option id="com.ti.ccstudio.buildDefinitions.TMS470_5.2.compilerID.DEFINE.700101351" superClass="com.ti.ccstudio.buildDefinitions.TMS470_5.2.compilerID.DEFINE" valueType="definedSymbols">
									<listOptionValue builtIn="false" value="ccs=&quot;ccs&quot;"/>
									<listOptionValue builtIn="false" value="PART_TM4C1230C3PM"/>
								</option>
								<option id="com.ti.ccstudio.buildDefinitions.TMS470_5.2.compilerID.ADVICE__POWER.247480332" superClass="com.ti.ccstudio.buildDefinitions.TMS470_5.2.compilerID.ADVICE__POWER" value="all" valueType="string"/>
								<option id="com.ti.ccstudio.buildDefinitions.TMS470_5.2.compilerID.DIAG_WARNING.1058998367" superClass="com.ti.ccstudio.buildDefinitions.TMS470_5.2.compilerID.DIAG_WARNING" valueType="stringList">
									<listOptionValue builtIn="false" value="225"/>
								</option>
								<option id="com.ti.ccstudio.buildDefinitions.TMS470_5.2.compilerID.DISPLAY_ERROR_NUMBER.843094100" superClass="com.ti.ccstudio.buildDefinitions.TMS470_5.2.compilerID.DISPLAY_ERROR_NUMBER" value="true" valueType="boolean"/>
								<option id="com.ti.ccstudio.buildDefinitions.TMS470_5.2.compilerID.DIAG_WRAP.1937114312" superClass="com.ti.ccstudio.buildDefinitions.TMS470_5.2.compilerID.DIAG_WRAP" value="com.ti.ccstudio.buildDefinitions.TMS470_5.2.compilerID.DIAG_WRAP.off" valueType="enumerated"/>
								<option id="com.ti.ccstudio.buildDefinitions.TMS470_5.2.compilerID.INCLUDE_PATH.1355299893" superClass="com.ti.ccstudio.buildDefinitions.TMS470_5.2.compilerID.INCLUDE_PATH" valueType="includePath">
									<listOptionValue builtIn="false" value="&quot;${CG_TOOL_ROOT}/include&quot;"/>
									<listOptionValue builtIn="false" value="&quot;${SW_ROOT}&quot;"/>
								</option>
								<option id="com.ti.ccstudio.buildDefinitions.TMS470_5.2.compilerID.LITTLE_ENDIAN.305177961" superClass="com.ti.ccstudio.buildDefinitions.TMS470_5.2.compilerID.LITTLE_ENDIAN" value="true" valueType="boolean"/>
								<option id="com.ti.ccstudio.buildDefinitions.TMS470_5.2.compilerID.GEN_FUNC_SUBSECTIONS.1958091874" superClass="com.ti.ccstudio.buildDefinitions.TMS470_5.2.compilerID.GEN_FUNC_SUBSECTIONS" value="com.ti.ccstudio.buildDefinitions.TMS470_5.2.compilerID.GEN_FUNC_SUBSECTIONS.on" valueType="enumerated"/>
								<option id="com.ti.ccstudio.buildDefinitions.TMS470_5.2.compilerID.UAL.2058165809" superClass="com.ti.ccstudio.buildDefinitions.TMS470_5.2.compilerID.UAL" value="true" valueType="boolean"/>
								<inputType id="com.ti.ccstudio.buildDefinitions.TMS470_5.2.compiler.inputType__C_SRCS.1836142606" name="C Sources" superClass="com.ti.ccstudio.buildDefinitions.TMS470_5.2.compiler.inputType__C_SRCS"/>
								<inputType id="com.ti.ccstudio.buildDefinitions.TMS470_5.2.compiler.inputType__CPP_SRCS.2147359138" name="C++ Sources" superClass="com.ti.ccstudio.buildDefinitions.TMS470_5.2.compiler.inputType__CPP_SRCS"/>
								<inputType id="com.ti.ccstudio.buildDefinitions.TMS470_5.2.compiler.inputType__ASM_SRCS.746207430" name="Assembly Sources" superClass="com.ti.ccstudio.buildDefinitions.TMS470_5.2.compiler.inputType__ASM_SRCS"/>
								<inputType id="com.ti.ccstudio.buildDefinitions.TMS470_5.2.compiler.inputType__ASM2_SRCS.2145470726" name="Assembly Sources" superClass="com.ti.ccstudio.buildDefinitions.TMS470_5.2.compiler.inputType__ASM2_SRCS"/>
							</tool>
							<tool id="com.ti.ccstudio.buildDefinitions.TMS470_5.2.library.librarianRelease.375315226" name="ARM Archiver" superClass="com.ti.ccstudio.buildDefinitions.TMS470_5.2.library.librarianRelease">
								<option id="com.ti.ccstudio.buildDefinitions.TMS470_5.2.archiverID.OUTPUT_FILE.1795485172" superClass="com.ti.ccstudio.buildDefinitions.TMS470_5.2.archiverID.OUTPUT_FILE" value="&quot;${ProjName}.lib&quot;" valueType="string"/>
							</tool>
						</toolChain>
					</folderInfo>
				</configuration>
			</storageModule>
			<storageModule moduleId="org.eclipse.cdt.core.externalSettings"/>
		</cconfiguration>
	</storageModule>
	<storageModule moduleId="org.eclipse.cdt.core.LanguageSettingsProviders"/>
	<storageModule moduleId="cdtBuildSystem" version="4.0.0">
		<project id="grlib.com.ti.ccstudio.buildDefinitions.TMS470.ProjectType.255451283" name="ARM" projectType="com.ti.ccstudio.buildDefinitions.TMS470.ProjectType"/>
	</storageModule>
	<storageModule moduleId="scannerConfiguration"/>
	<storageModule moduleId="org.eclipse.cdt.core.language.mapping">
		<project-mappings>
			<content-type-mapping configuration="" content-type="org.eclipse.cdt.core.asmSource" language="com.ti.ccstudio.core.TIASMLanguage"/>
			<content-type-mapping configuration="" content-type="org.eclipse.cdt.core.cHeader" language="com.ti.ccstudio.core.TIGCCLanguage"/>
			<content-type-mapping configuration="" content-type="org.eclipse.cdt.core.cSource" language="com.ti.ccstudio.core.TIGCCLanguage"/>
			<content-type-mapping configuration="" content-type="org.eclipse.cdt.core.cxxHeader" language="com.ti.ccstudio.core.TIGPPLanguage"/>
			<content-type-mapping configuration="" content-type="org.eclipse.cdt.core.cxxSource" language="com.ti.ccstudio.core.TIGPPLanguage"/>
		</project-mappings>
	</storageModule>
</cproject>
