<?xml version="1.0" encoding="UTF-8" standalone="no" ?>
<Project xmlns:xsi="http://www.w3.org/2001/XMLSchema-instance" xsi:noNamespaceSchemaLocation="project_projx.xsd">

  <SchemaVersion>2.1</SchemaVersion>

  <Header>### uVision Project, (C) Keil Software</Header>

  <Targets>
    <Target>
      <TargetName>TM4C129 RAM</TargetName>
      <ToolsetNumber>0x4</ToolsetNumber>
      <ToolsetName>ARM-ADS</ToolsetName>
      <pCCUsed>5060528::V5.06 update 5 (build 528)::ARMCC</pCCUsed>
      <uAC6>0</uAC6>
      <TargetOption>
        <TargetCommonOption>
          <Device>TM4C1294NCPDT</Device>
          <Vendor>Texas Instruments</Vendor>
          <PackID>Keil.TM4C_DFP.1.1.0</PackID>
          <PackURL>http://www.keil.com/pack/</PackURL>
          <Cpu>IROM(0x00000000,0x100000) IRAM(0x20000000,0x040000) CPUTYPE("Cortex-M4") FPU2 CLOCK(120000000) ELITTLE</Cpu>
          <FlashUtilSpec></FlashUtilSpec>
          <StartupFile></StartupFile>
          <FlashDriverDll>UL2CM3(-S0 -C0 -P0 -FD20000000 -FC1000 -FN1 -FF0TM4C129_1024 -FS00 -FL01000 -FP0($$Device:TM4C1294NCPDT$Flash\TM4C129_1024.FLM))</FlashDriverDll>
          <DeviceId>7088</DeviceId>
          <RegisterFile>$$Device:TM4C1294NCPDT$Device\Include\TM4C129\TM4C129.h</RegisterFile>
          <MemoryEnv></MemoryEnv>
          <Cmp></Cmp>
          <Asm></Asm>
          <Linker></Linker>
          <OHString></OHString>
          <InfinionOptionDll></InfinionOptionDll>
          <SLE66CMisc></SLE66CMisc>
          <SLE66AMisc></SLE66AMisc>
          <SLE66LinkerMisc></SLE66LinkerMisc>
          <SFDFile>$$Device:TM4C1294NCPDT$SVD\TM4C129\TM4C1294NCPDT.svd</SFDFile>
          <bCustSvd>0</bCustSvd>
          <UseEnv>0</UseEnv>
          <BinPath></BinPath>
          <IncludePath></IncludePath>
          <LibPath></LibPath>
          <RegisterFilePath></RegisterFilePath>
          <DBRegisterFilePath></DBRegisterFilePath>
          <TargetStatus>
            <Error>0</Error>
            <ExitCodeStop>0</ExitCodeStop>
            <ButtonStop>0</ButtonStop>
            <NotGenerated>0</NotGenerated>
            <InvalidFlash>1</InvalidFlash>
          </TargetStatus>
          <OutputDirectory>.\RAM\</OutputDirectory>
          <OutputName>base_project</OutputName>
          <CreateExecutable>1</CreateExecutable>
          <CreateLib>0</CreateLib>
          <CreateHexFile>0</CreateHexFile>
          <DebugInformation>1</DebugInformation>
          <BrowseInformation>1</BrowseInformation>
          <ListingPath>.\</ListingPath>
          <HexFormatSelection>1</HexFormatSelection>
          <Merge32K>0</Merge32K>
          <CreateBatchFile>0</CreateBatchFile>
          <BeforeCompile>
            <RunUserProg1>0</RunUserProg1>
            <RunUserProg2>0</RunUserProg2>
            <UserProg1Name></UserProg1Name>
            <UserProg2Name></UserProg2Name>
            <UserProg1Dos16Mode>0</UserProg1Dos16Mode>
            <UserProg2Dos16Mode>0</UserProg2Dos16Mode>
            <nStopU1X>0</nStopU1X>
            <nStopU2X>0</nStopU2X>
          </BeforeCompile>
          <BeforeMake>
            <RunUserProg1>0</RunUserProg1>
            <RunUserProg2>0</RunUserProg2>
            <UserProg1Name></UserProg1Name>
            <UserProg2Name></UserProg2Name>
            <UserProg1Dos16Mode>0</UserProg1Dos16Mode>
            <UserProg2Dos16Mode>0</UserProg2Dos16Mode>
            <nStopB1X>0</nStopB1X>
            <nStopB2X>0</nStopB2X>
          </BeforeMake>
          <AfterMake>
            <RunUserProg1>0</RunUserProg1>
            <RunUserProg2>0</RunUserProg2>
            <UserProg1Name></UserProg1Name>
            <UserProg2Name></UserProg2Name>
            <UserProg1Dos16Mode>0</UserProg1Dos16Mode>
            <UserProg2Dos16Mode>0</UserProg2Dos16Mode>
            <nStopA1X>0</nStopA1X>
            <nStopA2X>0</nStopA2X>
          </AfterMake>
          <SelectedForBatchBuild>0</SelectedForBatchBuild>
          <SVCSIdString></SVCSIdString>
        </TargetCommonOption>
        <CommonProperty>
          <UseCPPCompiler>0</UseCPPCompiler>
          <RVCTCodeConst>0</RVCTCodeConst>
          <RVCTZI>0</RVCTZI>
          <RVCTOtherData>0</RVCTOtherData>
          <ModuleSelection>0</ModuleSelection>
          <IncludeInBuild>1</IncludeInBuild>
          <AlwaysBuild>0</AlwaysBuild>
          <GenerateAssemblyFile>0</GenerateAssemblyFile>
          <AssembleAssemblyFile>0</AssembleAssemblyFile>
          <PublicsOnly>0</PublicsOnly>
          <StopOnExitCode>3</StopOnExitCode>
          <CustomArgument></CustomArgument>
          <IncludeLibraryModules></IncludeLibraryModules>
          <ComprImg>1</ComprImg>
        </CommonProperty>
        <DllOption>
          <SimDllName>SARMCM3.DLL</SimDllName>
          <SimDllArguments>  -MPU</SimDllArguments>
          <SimDlgDll>DCM.DLL</SimDlgDll>
          <SimDlgDllArguments>-pCM4</SimDlgDllArguments>
          <TargetDllName>SARMCM3.DLL</TargetDllName>
          <TargetDllArguments> -MPU</TargetDllArguments>
          <TargetDlgDll>TCM.DLL</TargetDlgDll>
          <TargetDlgDllArguments>-pCM4</TargetDlgDllArguments>
        </DllOption>
        <DebugOption>
          <OPTHX>
            <HexSelection>1</HexSelection>
            <HexRangeLowAddress>0</HexRangeLowAddress>
            <HexRangeHighAddress>0</HexRangeHighAddress>
            <HexOffset>0</HexOffset>
            <Oh166RecLen>16</Oh166RecLen>
          </OPTHX>
        </DebugOption>
        <Utilities>
          <Flash1>
            <UseTargetDll>1</UseTargetDll>
            <UseExternalTool>0</UseExternalTool>
            <RunIndependent>0</RunIndependent>
            <UpdateFlashBeforeDebugging>1</UpdateFlashBeforeDebugging>
            <Capability>1</Capability>
            <DriverSelection>4096</DriverSelection>
          </Flash1>
          <bUseTDR>1</bUseTDR>
          <Flash2>BIN\UL2CM3.DLL</Flash2>
          <Flash3>"" ()</Flash3>
          <Flash4></Flash4>
          <pFcarmOut></pFcarmOut>
          <pFcarmGrp></pFcarmGrp>
          <pFcArmRoot></pFcArmRoot>
          <FcArmLst>0</FcArmLst>
        </Utilities>
        <TargetArmAds>
          <ArmAdsMisc>
            <GenerateListings>0</GenerateListings>
            <asHll>1</asHll>
            <asAsm>1</asAsm>
            <asMacX>1</asMacX>
            <asSyms>1</asSyms>
            <asFals>1</asFals>
            <asDbgD>1</asDbgD>
            <asForm>1</asForm>
            <ldLst>0</ldLst>
            <ldmm>1</ldmm>
            <ldXref>1</ldXref>
            <BigEnd>0</BigEnd>
            <AdsALst>1</AdsALst>
            <AdsACrf>1</AdsACrf>
            <AdsANop>0</AdsANop>
            <AdsANot>0</AdsANot>
            <AdsLLst>1</AdsLLst>
            <AdsLmap>1</AdsLmap>
            <AdsLcgr>1</AdsLcgr>
            <AdsLsym>1</AdsLsym>
            <AdsLszi>1</AdsLszi>
            <AdsLtoi>1</AdsLtoi>
            <AdsLsun>1</AdsLsun>
            <AdsLven>1</AdsLven>
            <AdsLsxf>1</AdsLsxf>
            <RvctClst>0</RvctClst>
            <GenPPlst>0</GenPPlst>
            <AdsCpuType>"Cortex-M4"</AdsCpuType>
            <RvctDeviceName></RvctDeviceName>
            <mOS>1</mOS>
            <uocRom>0</uocRom>
            <uocRam>0</uocRam>
            <hadIROM>1</hadIROM>
            <hadIRAM>1</hadIRAM>
            <hadXRAM>0</hadXRAM>
            <uocXRam>0</uocXRam>
            <RvdsVP>2</RvdsVP>
            <hadIRAM2>0</hadIRAM2>
            <hadIROM2>0</hadIROM2>
            <StupSel>8</StupSel>
            <useUlib>0</useUlib>
            <EndSel>0</EndSel>
            <uLtcg>0</uLtcg>
            <nSecure>0</nSecure>
            <RoSelD>3</RoSelD>
            <RwSelD>3</RwSelD>
            <CodeSel>0</CodeSel>
            <OptFeed>0</OptFeed>
            <NoZi1>0</NoZi1>
            <NoZi2>0</NoZi2>
            <NoZi3>0</NoZi3>
            <NoZi4>0</NoZi4>
            <NoZi5>0</NoZi5>
            <Ro1Chk>0</Ro1Chk>
            <Ro2Chk>0</Ro2Chk>
            <Ro3Chk>0</Ro3Chk>
            <Ir1Chk>1</Ir1Chk>
            <Ir2Chk>0</Ir2Chk>
            <Ra1Chk>0</Ra1Chk>
            <Ra2Chk>0</Ra2Chk>
            <Ra3Chk>0</Ra3Chk>
            <Im1Chk>1</Im1Chk>
            <Im2Chk>0</Im2Chk>
            <OnChipMemories>
              <Ocm1>
                <Type>0</Type>
                <StartAddress>0x0</StartAddress>
                <Size>0x0</Size>
              </Ocm1>
              <Ocm2>
                <Type>0</Type>
                <StartAddress>0x0</StartAddress>
                <Size>0x0</Size>
              </Ocm2>
              <Ocm3>
                <Type>0</Type>
                <StartAddress>0x0</StartAddress>
                <Size>0x0</Size>
              </Ocm3>
              <Ocm4>
                <Type>0</Type>
                <StartAddress>0x0</StartAddress>
                <Size>0x0</Size>
              </Ocm4>
              <Ocm5>
                <Type>0</Type>
                <StartAddress>0x0</StartAddress>
                <Size>0x0</Size>
              </Ocm5>
              <Ocm6>
                <Type>0</Type>
                <StartAddress>0x0</StartAddress>
                <Size>0x0</Size>
              </Ocm6>
              <IRAM>
                <Type>0</Type>
                <StartAddress>0x20000000</StartAddress>
                <Size>0x40000</Size>
              </IRAM>
              <IROM>
                <Type>1</Type>
                <StartAddress>0x0</StartAddress>
                <Size>0x100000</Size>
              </IROM>
              <XRAM>
                <Type>0</Type>
                <StartAddress>0x0</StartAddress>
                <Size>0x0</Size>
              </XRAM>
              <OCR_RVCT1>
                <Type>1</Type>
                <StartAddress>0x0</StartAddress>
                <Size>0x0</Size>
              </OCR_RVCT1>
              <OCR_RVCT2>
                <Type>1</Type>
                <StartAddress>0x0</StartAddress>
                <Size>0x0</Size>
              </OCR_RVCT2>
              <OCR_RVCT3>
                <Type>1</Type>
                <StartAddress>0x0</StartAddress>
                <Size>0x0</Size>
              </OCR_RVCT3>
              <OCR_RVCT4>
                <Type>1</Type>
                <StartAddress>0x0</StartAddress>
                <Size>0x100000</Size>
              </OCR_RVCT4>
              <OCR_RVCT5>
                <Type>1</Type>
                <StartAddress>0x0</StartAddress>
                <Size>0x0</Size>
              </OCR_RVCT5>
              <OCR_RVCT6>
                <Type>0</Type>
                <StartAddress>0x0</StartAddress>
                <Size>0x0</Size>
              </OCR_RVCT6>
              <OCR_RVCT7>
                <Type>0</Type>
                <StartAddress>0x0</StartAddress>
                <Size>0x0</Size>
              </OCR_RVCT7>
              <OCR_RVCT8>
                <Type>0</Type>
                <StartAddress>0x0</StartAddress>
                <Size>0x0</Size>
              </OCR_RVCT8>
              <OCR_RVCT9>
                <Type>0</Type>
                <StartAddress>0x20000000</StartAddress>
                <Size>0x40000</Size>
              </OCR_RVCT9>
              <OCR_RVCT10>
                <Type>0</Type>
                <StartAddress>0x0</StartAddress>
                <Size>0x0</Size>
              </OCR_RVCT10>
            </OnChipMemories>
            <RvctStartVector></RvctStartVector>
          </ArmAdsMisc>
          <Cads>
            <interw>1</interw>
            <Optim>1</Optim>
            <oTime>0</oTime>
            <SplitLS>0</SplitLS>
            <OneElfS>0</OneElfS>
            <Strict>0</Strict>
            <EnumInt>0</EnumInt>
            <PlainCh>0</PlainCh>
            <Ropi>0</Ropi>
            <Rwpi>0</Rwpi>
            <wLevel>0</wLevel>
            <uThumb>0</uThumb>
            <uSurpInc>0</uSurpInc>
            <uC99>0</uC99>
            <uGnu>0</uGnu>
            <useXO>0</useXO>
            <v6Lang>1</v6Lang>
            <v6LangP>1</v6LangP>
            <vShortEn>1</vShortEn>
            <vShortWch>1</vShortWch>
            <v6Lto>0</v6Lto>
            <v6WtE>0</v6WtE>
            <v6Rtti>0</v6Rtti>
            <VariousControls>
              <MiscControls></MiscControls>
              <Define>TARGET_IS_TM4C129_RA0 PART_TM4C1294NCPDT</Define>
              <Undefine></Undefine>
              <IncludePath>..</IncludePath>
            </VariousControls>
          </Cads>
          <Aads>
            <interw>1</interw>
            <Ropi>0</Ropi>
            <Rwpi>0</Rwpi>
            <thumb>0</thumb>
            <SplitLS>0</SplitLS>
            <SwStkChk>0</SwStkChk>
            <NoWarn>0</NoWarn>
            <uSurpInc>0</uSurpInc>
            <useXO>0</useXO>
            <uClangAs>0</uClangAs>
            <VariousControls>
              <MiscControls></MiscControls>
              <Define></Define>
              <Undefine></Undefine>
              <IncludePath></IncludePath>
            </VariousControls>
          </Aads>
          <LDads>
            <umfTarg>1</umfTarg>
            <Ropi>0</Ropi>
            <Rwpi>0</Rwpi>
            <noStLib>0</noStLib>
            <RepFail>1</RepFail>
            <useFile>0</useFile>
            <TextAddressRange>0x00000000</TextAddressRange>
            <DataAddressRange>0x20000000</DataAddressRange>
            <pXoBase></pXoBase>
            <ScatterFile></ScatterFile>
            <IncludeLibs></IncludeLibs>
            <IncludeLibsPath></IncludeLibsPath>
            <Misc></Misc>
            <LinkerInputFile></LinkerInputFile>
            <DisabledWarnings></DisabledWarnings>
          </LDads>
        </TargetArmAds>
      </TargetOption>
      <Groups>
        <Group>
          <GroupName>Source Files</GroupName>
          <Files>
            <File>
              <FileName>exemploTIVA.c</FileName>
              <FileType>1</FileType>
              <FilePath>.\exemploTIVA.c</FilePath>
            </File>
            <File>
              <FileName>mapaParaColisoes.c</FileName>
              <FileType>1</FileType>
              <FilePath>..\sprites_low_res\ppm\mapaParaColisoes.c</FilePath>
            </File>
            <File>
              <FileName>pacman0.c</FileName>
              <FileType>1</FileType>
              <FilePath>..\sprites_low_res\ppm\pacman0.c</FilePath>
            </File>
            <File>
              <FileName>pacman1.c</FileName>
              <FileType>1</FileType>
              <FilePath>..\sprites_low_res\ppm\pacman1.c</FilePath>
            </File>
            <File>
              <FileName>pacman2.c</FileName>
              <FileType>1</FileType>
              <FilePath>..\sprites_low_res\ppm\pacman2.c</FilePath>
            </File>
            <File>
              <FileName>vitamina.c</FileName>
              <FileType>1</FileType>
              <FilePath>..\sprites_low_res\ppm\vitamina.c</FilePath>
            </File>
            <File>
              <FileName>draw.c</FileName>
              <FileType>1</FileType>
              <FilePath>.\draw.c</FilePath>
            </File>
            <File>
              <FileName>ghost0.c</FileName>
              <FileType>1</FileType>
              <FilePath>..\sprites_low_res\ppm\ghost0.c</FilePath>
            </File>
            <File>
              <FileName>ghost1.c</FileName>
              <FileType>1</FileType>
              <FilePath>..\sprites_low_res\ppm\ghost1.c</FilePath>
            </File>
            <File>
              <FileName>eyes.c</FileName>
              <FileType>1</FileType>
              <FilePath>..\sprites_low_res\ppm\eyes.c</FilePath>
            </File>
            <File>
              <FileName>deadPacman0.c</FileName>
              <FileType>1</FileType>
              <FilePath>..\sprites_low_res\ppm\deadPacman\deadPacman0.c</FilePath>
            </File>
            <File>
              <FileName>deadPacman1.c</FileName>
              <FileType>1</FileType>
              <FilePath>..\sprites_low_res\ppm\deadPacman\deadPacman1.c</FilePath>
            </File>
            <File>
              <FileName>deadPacman2.c</FileName>
              <FileType>1</FileType>
              <FilePath>..\sprites_low_res\ppm\deadPacman\deadPacman2.c</FilePath>
            </File>
            <File>
              <FileName>deadPacman3.c</FileName>
              <FileType>1</FileType>
              <FilePath>..\sprites_low_res\ppm\deadPacman\deadPacman3.c</FilePath>
            </File>
            <File>
              <FileName>deadPacman4.c</FileName>
              <FileType>1</FileType>
              <FilePath>..\sprites_low_res\ppm\deadPacman\deadPacman4.c</FilePath>
            </File>
            <File>
              <FileName>deadPacman5.c</FileName>
              <FileType>1</FileType>
              <FilePath>..\sprites_low_res\ppm\deadPacman\deadPacman5.c</FilePath>
            </File>
            <File>
              <FileName>deadPacman6.c</FileName>
              <FileType>1</FileType>
              <FilePath>..\sprites_low_res\ppm\deadPacman\deadPacman6.c</FilePath>
            </File>
          </Files>
        </Group>
        <Group>
          <GroupName>Documentation</GroupName>
          <Files>
            <File>
              <FileName>Abstract.txt</FileName>
              <FileType>5</FileType>
              <FilePath>.\Abstract.txt</FilePath>
            </File>
          </Files>
        </Group>
        <Group>
          <GroupName>drivers</GroupName>
          <Files>
            <File>
              <FileName>buzzer.c</FileName>
              <FileType>1</FileType>
              <FilePath>.\buzzer.c</FilePath>
            </File>
            <File>
              <FileName>accel.c</FileName>
              <FileType>1</FileType>
              <FilePath>.\accel.c</FilePath>
            </File>
            <File>
              <FileName>buttons.c</FileName>
              <FileType>1</FileType>
              <FilePath>.\buttons.c</FilePath>
            </File>
            <File>
              <FileName>cfaf128x128x16.c</FileName>
              <FileType>1</FileType>
              <FilePath>.\cfaf128x128x16.c</FilePath>
            </File>
            <File>
              <FileName>led.c</FileName>
              <FileType>1</FileType>
              <FilePath>.\led.c</FilePath>
            </File>
            <File>
              <FileName>mic.c</FileName>
              <FileType>1</FileType>
              <FilePath>.\mic.c</FilePath>
            </File>
            <File>
              <FileName>opt.c</FileName>
              <FileType>1</FileType>
              <FilePath>.\opt.c</FilePath>
            </File>
            <File>
              <FileName>rgb.c</FileName>
              <FileType>1</FileType>
              <FilePath>.\rgb.c</FilePath>
            </File>
            <File>
              <FileName>servo.c</FileName>
              <FileType>1</FileType>
              <FilePath>.\servo.c</FilePath>
            </File>
            <File>
              <FileName>joy.c</FileName>
              <FileType>1</FileType>
              <FilePath>.\joy.c</FilePath>
            </File>
            <File>
              <FileName>temp.c</FileName>
              <FileType>1</FileType>
              <FilePath>.\temp.c</FilePath>
            </File>
          </Files>
        </Group>
        <Group>
          <GroupName>Libraries</GroupName>
          <Files>
            <File>
              <FileName>driverlib.lib</FileName>
              <FileType>4</FileType>
              <FilePath>..\driverlib\rvmdk\driverlib.lib</FilePath>
            </File>
            <File>
              <FileName>grlib.lib</FileName>
              <FileType>4</FileType>
              <FilePath>..\grlib\rvmdk\grlib.lib</FilePath>
            </File>
          </Files>
        </Group>
        <Group>
          <GroupName>::CMSIS</GroupName>
        </Group>
        <Group>
          <GroupName>::Device</GroupName>
        </Group>
        <Group>
          <GroupName>::Device</GroupName>
        </Group>
      </Groups>
    </Target>
    <Target>
      <TargetName>TM4C129 Flash</TargetName>
      <ToolsetNumber>0x4</ToolsetNumber>
      <ToolsetName>ARM-ADS</ToolsetName>
      <pCCUsed>5060750::V5.06 update 6 (build 750)::ARMCC</pCCUsed>
      <uAC6>0</uAC6>
      <TargetOption>
        <TargetCommonOption>
          <Device>TM4C1294NCPDT</Device>
          <Vendor>Texas Instruments</Vendor>
          <PackID>Keil.TM4C_DFP.1.1.0</PackID>
          <PackURL>http://www.keil.com/pack/</PackURL>
          <Cpu>IROM(0x00000000,0x100000) IRAM(0x20000000,0x040000) CPUTYPE("Cortex-M4") FPU2 CLOCK(120000000) ELITTLE</Cpu>
          <FlashUtilSpec></FlashUtilSpec>
          <StartupFile></StartupFile>
          <FlashDriverDll>UL2CM3(-S0 -C0 -P0 -FD20000000 -FC1000 -FN1 -FF0TM4C129_1024 -FS00 -FL01000 -FP0($$Device:TM4C1294NCPDT$Flash\TM4C129_1024.FLM))</FlashDriverDll>
          <DeviceId>7088</DeviceId>
          <RegisterFile>$$Device:TM4C1294NCPDT$Device\Include\TM4C129\TM4C129.h</RegisterFile>
          <MemoryEnv></MemoryEnv>
          <Cmp></Cmp>
          <Asm></Asm>
          <Linker></Linker>
          <OHString></OHString>
          <InfinionOptionDll></InfinionOptionDll>
          <SLE66CMisc></SLE66CMisc>
          <SLE66AMisc></SLE66AMisc>
          <SLE66LinkerMisc></SLE66LinkerMisc>
          <SFDFile>$$Device:TM4C1294NCPDT$SVD\TM4C129\TM4C1294NCPDT.svd</SFDFile>
          <bCustSvd>0</bCustSvd>
          <UseEnv>0</UseEnv>
          <BinPath></BinPath>
          <IncludePath></IncludePath>
          <LibPath></LibPath>
          <RegisterFilePath></RegisterFilePath>
          <DBRegisterFilePath></DBRegisterFilePath>
          <TargetStatus>
            <Error>0</Error>
            <ExitCodeStop>0</ExitCodeStop>
            <ButtonStop>0</ButtonStop>
            <NotGenerated>0</NotGenerated>
            <InvalidFlash>1</InvalidFlash>
          </TargetStatus>
          <OutputDirectory>.\Flash\</OutputDirectory>
          <OutputName>base_project</OutputName>
          <CreateExecutable>1</CreateExecutable>
          <CreateLib>0</CreateLib>
          <CreateHexFile>0</CreateHexFile>
          <DebugInformation>1</DebugInformation>
          <BrowseInformation>1</BrowseInformation>
          <ListingPath>.\Flash\</ListingPath>
          <HexFormatSelection>1</HexFormatSelection>
          <Merge32K>0</Merge32K>
          <CreateBatchFile>1</CreateBatchFile>
          <BeforeCompile>
            <RunUserProg1>0</RunUserProg1>
            <RunUserProg2>0</RunUserProg2>
            <UserProg1Name></UserProg1Name>
            <UserProg2Name></UserProg2Name>
            <UserProg1Dos16Mode>0</UserProg1Dos16Mode>
            <UserProg2Dos16Mode>0</UserProg2Dos16Mode>
            <nStopU1X>0</nStopU1X>
            <nStopU2X>0</nStopU2X>
          </BeforeCompile>
          <BeforeMake>
            <RunUserProg1>0</RunUserProg1>
            <RunUserProg2>0</RunUserProg2>
            <UserProg1Name></UserProg1Name>
            <UserProg2Name></UserProg2Name>
            <UserProg1Dos16Mode>0</UserProg1Dos16Mode>
            <UserProg2Dos16Mode>0</UserProg2Dos16Mode>
            <nStopB1X>0</nStopB1X>
            <nStopB2X>0</nStopB2X>
          </BeforeMake>
          <AfterMake>
            <RunUserProg1>0</RunUserProg1>
            <RunUserProg2>0</RunUserProg2>
            <UserProg1Name></UserProg1Name>
            <UserProg2Name></UserProg2Name>
            <UserProg1Dos16Mode>0</UserProg1Dos16Mode>
            <UserProg2Dos16Mode>0</UserProg2Dos16Mode>
            <nStopA1X>0</nStopA1X>
            <nStopA2X>0</nStopA2X>
          </AfterMake>
          <SelectedForBatchBuild>0</SelectedForBatchBuild>
          <SVCSIdString></SVCSIdString>
        </TargetCommonOption>
        <CommonProperty>
          <UseCPPCompiler>0</UseCPPCompiler>
          <RVCTCodeConst>0</RVCTCodeConst>
          <RVCTZI>0</RVCTZI>
          <RVCTOtherData>0</RVCTOtherData>
          <ModuleSelection>0</ModuleSelection>
          <IncludeInBuild>1</IncludeInBuild>
          <AlwaysBuild>0</AlwaysBuild>
          <GenerateAssemblyFile>0</GenerateAssemblyFile>
          <AssembleAssemblyFile>0</AssembleAssemblyFile>
          <PublicsOnly>0</PublicsOnly>
          <StopOnExitCode>3</StopOnExitCode>
          <CustomArgument></CustomArgument>
          <IncludeLibraryModules></IncludeLibraryModules>
          <ComprImg>1</ComprImg>
        </CommonProperty>
        <DllOption>
          <SimDllName>SARMCM3.DLL</SimDllName>
          <SimDllArguments>  -MPU</SimDllArguments>
          <SimDlgDll>DCM.DLL</SimDlgDll>
          <SimDlgDllArguments>-pCM4</SimDlgDllArguments>
          <TargetDllName>SARMCM3.DLL</TargetDllName>
          <TargetDllArguments> -MPU</TargetDllArguments>
          <TargetDlgDll>TCM.DLL</TargetDlgDll>
          <TargetDlgDllArguments>-pCM4</TargetDlgDllArguments>
        </DllOption>
        <DebugOption>
          <OPTHX>
            <HexSelection>1</HexSelection>
            <HexRangeLowAddress>0</HexRangeLowAddress>
            <HexRangeHighAddress>0</HexRangeHighAddress>
            <HexOffset>0</HexOffset>
            <Oh166RecLen>16</Oh166RecLen>
          </OPTHX>
        </DebugOption>
        <Utilities>
          <Flash1>
            <UseTargetDll>1</UseTargetDll>
            <UseExternalTool>0</UseExternalTool>
            <RunIndependent>0</RunIndependent>
            <UpdateFlashBeforeDebugging>1</UpdateFlashBeforeDebugging>
            <Capability>1</Capability>
            <DriverSelection>4096</DriverSelection>
          </Flash1>
          <bUseTDR>1</bUseTDR>
          <Flash2>BIN\UL2CM3.DLL</Flash2>
          <Flash3>"" ()</Flash3>
          <Flash4></Flash4>
          <pFcarmOut></pFcarmOut>
          <pFcarmGrp></pFcarmGrp>
          <pFcArmRoot></pFcArmRoot>
          <FcArmLst>0</FcArmLst>
        </Utilities>
        <TargetArmAds>
          <ArmAdsMisc>
            <GenerateListings>0</GenerateListings>
            <asHll>1</asHll>
            <asAsm>1</asAsm>
            <asMacX>1</asMacX>
            <asSyms>1</asSyms>
            <asFals>1</asFals>
            <asDbgD>1</asDbgD>
            <asForm>1</asForm>
            <ldLst>0</ldLst>
            <ldmm>1</ldmm>
            <ldXref>1</ldXref>
            <BigEnd>0</BigEnd>
            <AdsALst>1</AdsALst>
            <AdsACrf>1</AdsACrf>
            <AdsANop>0</AdsANop>
            <AdsANot>0</AdsANot>
            <AdsLLst>1</AdsLLst>
            <AdsLmap>1</AdsLmap>
            <AdsLcgr>1</AdsLcgr>
            <AdsLsym>1</AdsLsym>
            <AdsLszi>1</AdsLszi>
            <AdsLtoi>1</AdsLtoi>
            <AdsLsun>1</AdsLsun>
            <AdsLven>1</AdsLven>
            <AdsLsxf>1</AdsLsxf>
            <RvctClst>0</RvctClst>
            <GenPPlst>0</GenPPlst>
            <AdsCpuType>"Cortex-M4"</AdsCpuType>
            <RvctDeviceName></RvctDeviceName>
            <mOS>1</mOS>
            <uocRom>0</uocRom>
            <uocRam>0</uocRam>
            <hadIROM>1</hadIROM>
            <hadIRAM>1</hadIRAM>
            <hadXRAM>0</hadXRAM>
            <uocXRam>0</uocXRam>
            <RvdsVP>2</RvdsVP>
            <hadIRAM2>0</hadIRAM2>
            <hadIROM2>0</hadIROM2>
            <StupSel>8</StupSel>
            <useUlib>0</useUlib>
            <EndSel>0</EndSel>
            <uLtcg>0</uLtcg>
            <nSecure>0</nSecure>
            <RoSelD>3</RoSelD>
            <RwSelD>3</RwSelD>
            <CodeSel>0</CodeSel>
            <OptFeed>0</OptFeed>
            <NoZi1>0</NoZi1>
            <NoZi2>0</NoZi2>
            <NoZi3>0</NoZi3>
            <NoZi4>0</NoZi4>
            <NoZi5>0</NoZi5>
            <Ro1Chk>0</Ro1Chk>
            <Ro2Chk>0</Ro2Chk>
            <Ro3Chk>0</Ro3Chk>
            <Ir1Chk>1</Ir1Chk>
            <Ir2Chk>0</Ir2Chk>
            <Ra1Chk>0</Ra1Chk>
            <Ra2Chk>0</Ra2Chk>
            <Ra3Chk>0</Ra3Chk>
            <Im1Chk>1</Im1Chk>
            <Im2Chk>0</Im2Chk>
            <OnChipMemories>
              <Ocm1>
                <Type>0</Type>
                <StartAddress>0x0</StartAddress>
                <Size>0x0</Size>
              </Ocm1>
              <Ocm2>
                <Type>0</Type>
                <StartAddress>0x0</StartAddress>
                <Size>0x0</Size>
              </Ocm2>
              <Ocm3>
                <Type>0</Type>
                <StartAddress>0x0</StartAddress>
                <Size>0x0</Size>
              </Ocm3>
              <Ocm4>
                <Type>0</Type>
                <StartAddress>0x0</StartAddress>
                <Size>0x0</Size>
              </Ocm4>
              <Ocm5>
                <Type>0</Type>
                <StartAddress>0x0</StartAddress>
                <Size>0x0</Size>
              </Ocm5>
              <Ocm6>
                <Type>0</Type>
                <StartAddress>0x0</StartAddress>
                <Size>0x0</Size>
              </Ocm6>
              <IRAM>
                <Type>0</Type>
                <StartAddress>0x20000000</StartAddress>
                <Size>0x40000</Size>
              </IRAM>
              <IROM>
                <Type>1</Type>
                <StartAddress>0x0</StartAddress>
                <Size>0x100000</Size>
              </IROM>
              <XRAM>
                <Type>0</Type>
                <StartAddress>0x0</StartAddress>
                <Size>0x0</Size>
              </XRAM>
              <OCR_RVCT1>
                <Type>1</Type>
                <StartAddress>0x0</StartAddress>
                <Size>0x0</Size>
              </OCR_RVCT1>
              <OCR_RVCT2>
                <Type>1</Type>
                <StartAddress>0x0</StartAddress>
                <Size>0x0</Size>
              </OCR_RVCT2>
              <OCR_RVCT3>
                <Type>1</Type>
                <StartAddress>0x0</StartAddress>
                <Size>0x0</Size>
              </OCR_RVCT3>
              <OCR_RVCT4>
                <Type>1</Type>
                <StartAddress>0x0</StartAddress>
                <Size>0x100000</Size>
              </OCR_RVCT4>
              <OCR_RVCT5>
                <Type>1</Type>
                <StartAddress>0x0</StartAddress>
                <Size>0x0</Size>
              </OCR_RVCT5>
              <OCR_RVCT6>
                <Type>0</Type>
                <StartAddress>0x0</StartAddress>
                <Size>0x0</Size>
              </OCR_RVCT6>
              <OCR_RVCT7>
                <Type>0</Type>
                <StartAddress>0x0</StartAddress>
                <Size>0x0</Size>
              </OCR_RVCT7>
              <OCR_RVCT8>
                <Type>0</Type>
                <StartAddress>0x0</StartAddress>
                <Size>0x0</Size>
              </OCR_RVCT8>
              <OCR_RVCT9>
                <Type>0</Type>
                <StartAddress>0x20000000</StartAddress>
                <Size>0x40000</Size>
              </OCR_RVCT9>
              <OCR_RVCT10>
                <Type>0</Type>
                <StartAddress>0x0</StartAddress>
                <Size>0x0</Size>
              </OCR_RVCT10>
            </OnChipMemories>
            <RvctStartVector></RvctStartVector>
          </ArmAdsMisc>
          <Cads>
            <interw>1</interw>
            <Optim>2</Optim>
            <oTime>0</oTime>
            <SplitLS>0</SplitLS>
            <OneElfS>0</OneElfS>
            <Strict>0</Strict>
            <EnumInt>0</EnumInt>
            <PlainCh>0</PlainCh>
            <Ropi>0</Ropi>
            <Rwpi>0</Rwpi>
            <wLevel>0</wLevel>
            <uThumb>0</uThumb>
            <uSurpInc>0</uSurpInc>
            <uC99>0</uC99>
            <uGnu>0</uGnu>
            <useXO>0</useXO>
            <v6Lang>1</v6Lang>
            <v6LangP>1</v6LangP>
            <vShortEn>1</vShortEn>
            <vShortWch>1</vShortWch>
            <v6Lto>0</v6Lto>
            <v6WtE>0</v6WtE>
            <v6Rtti>0</v6Rtti>
            <VariousControls>
              <MiscControls></MiscControls>
              <Define>rvmdk PART_TM4C1294NCPDT TARGET_IS_TM4C129_RA0</Define>
              <Undefine></Undefine>
              <IncludePath>..\</IncludePath>
            </VariousControls>
          </Cads>
          <Aads>
            <interw>1</interw>
            <Ropi>0</Ropi>
            <Rwpi>0</Rwpi>
            <thumb>0</thumb>
            <SplitLS>0</SplitLS>
            <SwStkChk>0</SwStkChk>
            <NoWarn>0</NoWarn>
            <uSurpInc>0</uSurpInc>
            <useXO>0</useXO>
            <uClangAs>0</uClangAs>
            <VariousControls>
              <MiscControls></MiscControls>
              <Define></Define>
              <Undefine></Undefine>
              <IncludePath></IncludePath>
            </VariousControls>
          </Aads>
          <LDads>
            <umfTarg>1</umfTarg>
            <Ropi>0</Ropi>
            <Rwpi>0</Rwpi>
            <noStLib>0</noStLib>
            <RepFail>1</RepFail>
            <useFile>0</useFile>
            <TextAddressRange>0x00000000</TextAddressRange>
            <DataAddressRange>0x20000000</DataAddressRange>
            <pXoBase></pXoBase>
            <ScatterFile></ScatterFile>
            <IncludeLibs></IncludeLibs>
            <IncludeLibsPath></IncludeLibsPath>
            <Misc></Misc>
            <LinkerInputFile></LinkerInputFile>
            <DisabledWarnings></DisabledWarnings>
          </LDads>
        </TargetArmAds>
      </TargetOption>
      <Groups>
        <Group>
          <GroupName>Source Files</GroupName>
          <Files>
            <File>
              <FileName>exemploTIVA.c</FileName>
              <FileType>1</FileType>
              <FilePath>.\exemploTIVA.c</FilePath>
            </File>
            <File>
              <FileName>mapaParaColisoes.c</FileName>
              <FileType>1</FileType>
              <FilePath>..\sprites_low_res\ppm\mapaParaColisoes.c</FilePath>
            </File>
            <File>
              <FileName>pacman0.c</FileName>
              <FileType>1</FileType>
              <FilePath>..\sprites_low_res\ppm\pacman0.c</FilePath>
            </File>
            <File>
              <FileName>pacman1.c</FileName>
              <FileType>1</FileType>
              <FilePath>..\sprites_low_res\ppm\pacman1.c</FilePath>
            </File>
            <File>
              <FileName>pacman2.c</FileName>
              <FileType>1</FileType>
              <FilePath>..\sprites_low_res\ppm\pacman2.c</FilePath>
            </File>
            <File>
              <FileName>vitamina.c</FileName>
              <FileType>1</FileType>
              <FilePath>..\sprites_low_res\ppm\vitamina.c</FilePath>
            </File>
            <File>
              <FileName>draw.c</FileName>
              <FileType>1</FileType>
              <FilePath>.\draw.c</FilePath>
            </File>
            <File>
              <FileName>ghost0.c</FileName>
              <FileType>1</FileType>
              <FilePath>..\sprites_low_res\ppm\ghost0.c</FilePath>
            </File>
            <File>
              <FileName>ghost1.c</FileName>
              <FileType>1</FileType>
              <FilePath>..\sprites_low_res\ppm\ghost1.c</FilePath>
            </File>
            <File>
              <FileName>eyes.c</FileName>
              <FileType>1</FileType>
              <FilePath>..\sprites_low_res\ppm\eyes.c</FilePath>
            </File>
            <File>
              <FileName>deadPacman0.c</FileName>
              <FileType>1</FileType>
              <FilePath>..\sprites_low_res\ppm\deadPacman\deadPacman0.c</FilePath>
            </File>
            <File>
              <FileName>deadPacman1.c</FileName>
              <FileType>1</FileType>
              <FilePath>..\sprites_low_res\ppm\deadPacman\deadPacman1.c</FilePath>
            </File>
            <File>
              <FileName>deadPacman2.c</FileName>
              <FileType>1</FileType>
              <FilePath>..\sprites_low_res\ppm\deadPacman\deadPacman2.c</FilePath>
            </File>
            <File>
              <FileName>deadPacman3.c</FileName>
              <FileType>1</FileType>
              <FilePath>..\sprites_low_res\ppm\deadPacman\deadPacman3.c</FilePath>
            </File>
            <File>
              <FileName>deadPacman4.c</FileName>
              <FileType>1</FileType>
              <FilePath>..\sprites_low_res\ppm\deadPacman\deadPacman4.c</FilePath>
            </File>
            <File>
              <FileName>deadPacman5.c</FileName>
              <FileType>1</FileType>
              <FilePath>..\sprites_low_res\ppm\deadPacman\deadPacman5.c</FilePath>
            </File>
            <File>
              <FileName>deadPacman6.c</FileName>
              <FileType>1</FileType>
              <FilePath>..\sprites_low_res\ppm\deadPacman\deadPacman6.c</FilePath>
            </File>
          </Files>
        </Group>
        <Group>
          <GroupName>Documentation</GroupName>
          <Files>
            <File>
              <FileName>Abstract.txt</FileName>
              <FileType>5</FileType>
              <FilePath>.\Abstract.txt</FilePath>
            </File>
          </Files>
        </Group>
        <Group>
          <GroupName>drivers</GroupName>
          <Files>
            <File>
              <FileName>buzzer.c</FileName>
              <FileType>1</FileType>
              <FilePath>.\buzzer.c</FilePath>
            </File>
            <File>
              <FileName>accel.c</FileName>
              <FileType>1</FileType>
              <FilePath>.\accel.c</FilePath>
            </File>
            <File>
              <FileName>buttons.c</FileName>
              <FileType>1</FileType>
              <FilePath>.\buttons.c</FilePath>
            </File>
            <File>
              <FileName>cfaf128x128x16.c</FileName>
              <FileType>1</FileType>
              <FilePath>.\cfaf128x128x16.c</FilePath>
            </File>
            <File>
              <FileName>led.c</FileName>
              <FileType>1</FileType>
              <FilePath>.\led.c</FilePath>
            </File>
            <File>
              <FileName>mic.c</FileName>
              <FileType>1</FileType>
              <FilePath>.\mic.c</FilePath>
            </File>
            <File>
              <FileName>opt.c</FileName>
              <FileType>1</FileType>
              <FilePath>.\opt.c</FilePath>
            </File>
            <File>
              <FileName>rgb.c</FileName>
              <FileType>1</FileType>
              <FilePath>.\rgb.c</FilePath>
            </File>
            <File>
              <FileName>servo.c</FileName>
              <FileType>1</FileType>
              <FilePath>.\servo.c</FilePath>
            </File>
            <File>
              <FileName>joy.c</FileName>
              <FileType>1</FileType>
              <FilePath>.\joy.c</FilePath>
            </File>
            <File>
              <FileName>temp.c</FileName>
              <FileType>1</FileType>
              <FilePath>.\temp.c</FilePath>
            </File>
          </Files>
        </Group>
        <Group>
          <GroupName>Libraries</GroupName>
          <Files>
            <File>
              <FileName>driverlib.lib</FileName>
              <FileType>4</FileType>
              <FilePath>..\driverlib\rvmdk\driverlib.lib</FilePath>
            </File>
            <File>
              <FileName>grlib.lib</FileName>
              <FileType>4</FileType>
              <FilePath>..\grlib\rvmdk\grlib.lib</FilePath>
            </File>
          </Files>
        </Group>
        <Group>
          <GroupName>::CMSIS</GroupName>
        </Group>
        <Group>
          <GroupName>::Device</GroupName>
        </Group>
        <Group>
          <GroupName>::Device</GroupName>
        </Group>
      </Groups>
    </Target>
  </Targets>

  <RTE>
    <apis>
      <api Capiversion="1.0" Cclass="CMSIS" Cgroup="RTOS" exclusive="0">
        <package name="CMSIS" schemaVersion="1.0" url="http://www.keil.com/pack/" vendor="ARM" version="3.20.4"/>
        <targetInfos>
          <targetInfo name="TM4C129 Flash"/>
          <targetInfo name="TM4C129 RAM"/>
        </targetInfos>
      </api>
    </apis>
    <components>
      <component Cclass="CMSIS" Cgroup="CORE" Cvendor="ARM" Cversion="5.0.1" condition="ARMv6_7_8-M Device">
        <package name="CMSIS" schemaVersion="1.3" url="http://www.keil.com/pack/" vendor="ARM" version="5.0.1"/>
        <targetInfos>
          <targetInfo name="TM4C129 Flash"/>
          <targetInfo name="TM4C129 RAM"/>
        </targetInfos>
      </component>
      <component Capiversion="1.0.0" Cclass="CMSIS" Cgroup="RTOS" Csub="Keil RTX" Cvendor="ARM" Cversion="4.81.0" condition="RTOS RTX">
        <package name="CMSIS" schemaVersion="1.3" url="http://www.keil.com/pack/" vendor="ARM" version="5.0.1"/>
        <targetInfos>
          <targetInfo name="TM4C129 Flash"/>
          <targetInfo name="TM4C129 RAM"/>
        </targetInfos>
      </component>
      <component Cclass="Device" Cgroup="Startup" Cvendor="Keil" Cversion="1.0.0" condition="TM4C129x CMSIS">
        <package name="TM4C_DFP" schemaVersion="1.2" url="http://www.keil.com/pack/" vendor="Keil" version="1.1.0"/>
        <targetInfos>
          <targetInfo name="TM4C129 Flash"/>
          <targetInfo name="TM4C129 RAM"/>
        </targetInfos>
      </component>
    </components>
    <files>
      <file attr="config" category="source" name="CMSIS\RTOS\RTX\Templates\RTX_Conf_CM.c" version="4.70.1">
        <instance index="0">RTE\CMSIS\RTX_Conf_CM.c</instance>
        <component Capiversion="1.0.0" Cclass="CMSIS" Cgroup="RTOS" Csub="Keil RTX" Cvendor="ARM" Cversion="4.81.1" condition="RTOS RTX" isDefaultVariant="1"/>
        <package name="CMSIS" schemaVersion="1.3" url="http://www.keil.com/pack/" vendor="ARM" version="5.3.0"/>
        <targetInfos>
          <targetInfo name="TM4C129 Flash"/>
          <targetInfo name="TM4C129 RAM"/>
        </targetInfos>
      </file>
      <file attr="config" category="source" condition="Compiler ARMCC" name="Device\Source\ARM\startup_TM4C129.s" version="1.0.0">
        <instance index="0">RTE\Device\TM4C1294NCPDT\startup_TM4C129.s</instance>
        <component Cclass="Device" Cgroup="Startup" Cvendor="Keil" Cversion="1.0.0" condition="TM4C129x CMSIS"/>
        <package name="TM4C_DFP" schemaVersion="1.2" url="http://www.keil.com/pack/" vendor="Keil" version="1.1.0"/>
        <targetInfos>
          <targetInfo name="TM4C129 Flash"/>
          <targetInfo name="TM4C129 RAM"/>
        </targetInfos>
      </file>
      <file attr="config" category="source" name="Device\Source\system_TM4C129.c" version="1.0.0">
        <instance index="0">RTE\Device\TM4C1294NCPDT\system_TM4C129.c</instance>
        <component Cclass="Device" Cgroup="Startup" Cvendor="Keil" Cversion="1.0.0" condition="TM4C129x CMSIS"/>
        <package name="TM4C_DFP" schemaVersion="1.2" url="http://www.keil.com/pack/" vendor="Keil" version="1.1.0"/>
        <targetInfos>
          <targetInfo name="TM4C129 Flash"/>
          <targetInfo name="TM4C129 RAM"/>
        </targetInfos>
      </file>
    </files>
  </RTE>

</Project>
