<?xml version="1.0" encoding="UTF-8" standalone="no" ?>
<Project xmlns:xsi="http://www.w3.org/2001/XMLSchema-instance" xsi:noNamespaceSchemaLocation="project_projx.xsd">

  <SchemaVersion>2.1</SchemaVersion>

  <Header>### uVision Project, (C) Keil Software</Header>

  <Targets>
    <Target>
      <TargetName>driverlib</TargetName>
      <ToolsetNumber>0x4</ToolsetNumber>
      <ToolsetName>ARM-ADS</ToolsetName>
      <pCCUsed>5060528::V5.06 update 5 (build 528)::ARMCC</pCCUsed>
      <uAC6>0</uAC6>
      <TargetOption>
        <TargetCommonOption>
          <Device>TM4C129CNCPDT</Device>
          <Vendor>Texas Instruments</Vendor>
          <PackID>Keil.TM4C_DFP.1.1.0</PackID>
          <PackURL>http://www.keil.com/pack/</PackURL>
          <Cpu>IRAM(0x20000000,0x040000) IROM(0x00000000,0x100000) CPUTYPE("Cortex-M4") FPU2 CLOCK(12000000) ELITTLE</Cpu>
          <FlashUtilSpec></FlashUtilSpec>
          <StartupFile></StartupFile>
          <FlashDriverDll>UL2CM3(-S0 -C0 -P0 -FD20000000 -FC1000 -FN1 -FF0TM4C129_1024 -FS00 -FL0100000 -FP0($$Device:TM4C129CNCPDT$Flash\TM4C129_1024.FLM))</FlashDriverDll>
          <DeviceId>7090</DeviceId>
          <RegisterFile>$$Device:TM4C129CNCPDT$Device\Include\TM4C129\TM4C129.h</RegisterFile>
          <MemoryEnv></MemoryEnv>
          <Cmp></Cmp>
          <Asm></Asm>
          <Linker></Linker>
          <OHString></OHString>
          <InfinionOptionDll></InfinionOptionDll>
          <SLE66CMisc>-DTM4C129CNCPDT</SLE66CMisc>
          <SLE66AMisc></SLE66AMisc>
          <SLE66LinkerMisc></SLE66LinkerMisc>
          <SFDFile>$$Device:TM4C129CNCPDT$SVD\TM4C129\TM4C129CNCPDT.svd</SFDFile>
          <bCustSvd>0</bCustSvd>
          <UseEnv>0</UseEnv>
          <BinPath></BinPath>
          <IncludePath></IncludePath>
          <LibPath></LibPath>
          <RegisterFilePath></RegisterFilePath>
          <DBRegisterFilePath></DBRegisterFilePath>
          <TargetStatus>
            <Error>0</Error>
            <ExitCodeStop>0</ExitCodeStop>
            <ButtonStop>0</ButtonStop>
            <NotGenerated>0</NotGenerated>
            <InvalidFlash>1</InvalidFlash>
          </TargetStatus>
          <OutputDirectory>.\rvmdk\</OutputDirectory>
          <OutputName>driverlib</OutputName>
          <CreateExecutable>0</CreateExecutable>
          <CreateLib>1</CreateLib>
          <CreateHexFile>0</CreateHexFile>
          <DebugInformation>1</DebugInformation>
          <BrowseInformation>1</BrowseInformation>
          <ListingPath>.\rvmdk\</ListingPath>
          <HexFormatSelection>1</HexFormatSelection>
          <Merge32K>0</Merge32K>
          <CreateBatchFile>0</CreateBatchFile>
          <BeforeCompile>
            <RunUserProg1>0</RunUserProg1>
            <RunUserProg2>0</RunUserProg2>
            <UserProg1Name></UserProg1Name>
            <UserProg2Name></UserProg2Name>
            <UserProg1Dos16Mode>0</UserProg1Dos16Mode>
            <UserProg2Dos16Mode>0</UserProg2Dos16Mode>
            <nStopU1X>0</nStopU1X>
            <nStopU2X>0</nStopU2X>
          </BeforeCompile>
          <BeforeMake>
            <RunUserProg1>0</RunUserProg1>
            <RunUserProg2>0</RunUserProg2>
            <UserProg1Name></UserProg1Name>
            <UserProg2Name></UserProg2Name>
            <UserProg1Dos16Mode>0</UserProg1Dos16Mode>
            <UserProg2Dos16Mode>0</UserProg2Dos16Mode>
            <nStopB1X>0</nStopB1X>
            <nStopB2X>0</nStopB2X>
          </BeforeMake>
          <AfterMake>
            <RunUserProg1>0</RunUserProg1>
            <RunUserProg2>0</RunUserProg2>
            <UserProg1Name></UserProg1Name>
            <UserProg2Name></UserProg2Name>
            <UserProg1Dos16Mode>0</UserProg1Dos16Mode>
            <UserProg2Dos16Mode>0</UserProg2Dos16Mode>
            <nStopA1X>0</nStopA1X>
            <nStopA2X>0</nStopA2X>
          </AfterMake>
          <SelectedForBatchBuild>0</SelectedForBatchBuild>
          <SVCSIdString></SVCSIdString>
        </TargetCommonOption>
        <CommonProperty>
          <UseCPPCompiler>0</UseCPPCompiler>
          <RVCTCodeConst>0</RVCTCodeConst>
          <RVCTZI>0</RVCTZI>
          <RVCTOtherData>0</RVCTOtherData>
          <ModuleSelection>0</ModuleSelection>
          <IncludeInBuild>1</IncludeInBuild>
          <AlwaysBuild>0</AlwaysBuild>
          <GenerateAssemblyFile>0</GenerateAssemblyFile>
          <AssembleAssemblyFile>0</AssembleAssemblyFile>
          <PublicsOnly>0</PublicsOnly>
          <StopOnExitCode>3</StopOnExitCode>
          <CustomArgument></CustomArgument>
          <IncludeLibraryModules></IncludeLibraryModules>
          <ComprImg>1</ComprImg>
        </CommonProperty>
        <DllOption>
          <SimDllName>SARMCM3.DLL</SimDllName>
          <SimDllArguments>-MPU</SimDllArguments>
          <SimDlgDll>DCM.DLL</SimDlgDll>
          <SimDlgDllArguments>-pCM4</SimDlgDllArguments>
          <TargetDllName>SARMCM3.DLL</TargetDllName>
          <TargetDllArguments>-MPU</TargetDllArguments>
          <TargetDlgDll>TCM.DLL</TargetDlgDll>
          <TargetDlgDllArguments>-pCM4</TargetDlgDllArguments>
        </DllOption>
        <DebugOption>
          <OPTHX>
            <HexSelection>1</HexSelection>
            <HexRangeLowAddress>0</HexRangeLowAddress>
            <HexRangeHighAddress>0</HexRangeHighAddress>
            <HexOffset>0</HexOffset>
            <Oh166RecLen>16</Oh166RecLen>
          </OPTHX>
        </DebugOption>
        <Utilities>
          <Flash1>
            <UseTargetDll>1</UseTargetDll>
            <UseExternalTool>0</UseExternalTool>
            <RunIndependent>0</RunIndependent>
            <UpdateFlashBeforeDebugging>1</UpdateFlashBeforeDebugging>
            <Capability>1</Capability>
            <DriverSelection>4103</DriverSelection>
          </Flash1>
          <bUseTDR>1</bUseTDR>
          <Flash2>BIN\lmidk-agdi.dll</Flash2>
          <Flash3></Flash3>
          <Flash4></Flash4>
          <pFcarmOut></pFcarmOut>
          <pFcarmGrp></pFcarmGrp>
          <pFcArmRoot></pFcArmRoot>
          <FcArmLst>0</FcArmLst>
        </Utilities>
        <TargetArmAds>
          <ArmAdsMisc>
            <GenerateListings>0</GenerateListings>
            <asHll>1</asHll>
            <asAsm>1</asAsm>
            <asMacX>1</asMacX>
            <asSyms>1</asSyms>
            <asFals>1</asFals>
            <asDbgD>1</asDbgD>
            <asForm>1</asForm>
            <ldLst>0</ldLst>
            <ldmm>1</ldmm>
            <ldXref>1</ldXref>
            <BigEnd>0</BigEnd>
            <AdsALst>0</AdsALst>
            <AdsACrf>0</AdsACrf>
            <AdsANop>0</AdsANop>
            <AdsANot>0</AdsANot>
            <AdsLLst>0</AdsLLst>
            <AdsLmap>0</AdsLmap>
            <AdsLcgr>0</AdsLcgr>
            <AdsLsym>0</AdsLsym>
            <AdsLszi>0</AdsLszi>
            <AdsLtoi>0</AdsLtoi>
            <AdsLsun>0</AdsLsun>
            <AdsLven>0</AdsLven>
            <AdsLsxf>0</AdsLsxf>
            <RvctClst>0</RvctClst>
            <GenPPlst>0</GenPPlst>
            <AdsCpuType>"Cortex-M4"</AdsCpuType>
            <RvctDeviceName></RvctDeviceName>
            <mOS>0</mOS>
            <uocRom>0</uocRom>
            <uocRam>0</uocRam>
            <hadIROM>1</hadIROM>
            <hadIRAM>1</hadIRAM>
            <hadXRAM>0</hadXRAM>
            <uocXRam>0</uocXRam>
            <RvdsVP>2</RvdsVP>
            <hadIRAM2>0</hadIRAM2>
            <hadIROM2>0</hadIROM2>
            <StupSel>8</StupSel>
            <useUlib>1</useUlib>
            <EndSel>0</EndSel>
            <uLtcg>0</uLtcg>
            <nSecure>0</nSecure>
            <RoSelD>3</RoSelD>
            <RwSelD>3</RwSelD>
            <CodeSel>0</CodeSel>
            <OptFeed>0</OptFeed>
            <NoZi1>0</NoZi1>
            <NoZi2>0</NoZi2>
            <NoZi3>0</NoZi3>
            <NoZi4>0</NoZi4>
            <NoZi5>0</NoZi5>
            <Ro1Chk>0</Ro1Chk>
            <Ro2Chk>0</Ro2Chk>
            <Ro3Chk>0</Ro3Chk>
            <Ir1Chk>1</Ir1Chk>
            <Ir2Chk>0</Ir2Chk>
            <Ra1Chk>0</Ra1Chk>
            <Ra2Chk>0</Ra2Chk>
            <Ra3Chk>0</Ra3Chk>
            <Im1Chk>1</Im1Chk>
            <Im2Chk>0</Im2Chk>
            <OnChipMemories>
              <Ocm1>
                <Type>0</Type>
                <StartAddress>0x0</StartAddress>
                <Size>0x0</Size>
              </Ocm1>
              <Ocm2>
                <Type>0</Type>
                <StartAddress>0x0</StartAddress>
                <Size>0x0</Size>
              </Ocm2>
              <Ocm3>
                <Type>0</Type>
                <StartAddress>0x0</StartAddress>
                <Size>0x0</Size>
              </Ocm3>
              <Ocm4>
                <Type>0</Type>
                <StartAddress>0x0</StartAddress>
                <Size>0x0</Size>
              </Ocm4>
              <Ocm5>
                <Type>0</Type>
                <StartAddress>0x0</StartAddress>
                <Size>0x0</Size>
              </Ocm5>
              <Ocm6>
                <Type>0</Type>
                <StartAddress>0x0</StartAddress>
                <Size>0x0</Size>
              </Ocm6>
              <IRAM>
                <Type>0</Type>
                <StartAddress>0x20000000</StartAddress>
                <Size>0x40000</Size>
              </IRAM>
              <IROM>
                <Type>1</Type>
                <StartAddress>0x0</StartAddress>
                <Size>0x100000</Size>
              </IROM>
              <XRAM>
                <Type>0</Type>
                <StartAddress>0x0</StartAddress>
                <Size>0x0</Size>
              </XRAM>
              <OCR_RVCT1>
                <Type>1</Type>
                <StartAddress>0x0</StartAddress>
                <Size>0x0</Size>
              </OCR_RVCT1>
              <OCR_RVCT2>
                <Type>1</Type>
                <StartAddress>0x0</StartAddress>
                <Size>0x0</Size>
              </OCR_RVCT2>
              <OCR_RVCT3>
                <Type>1</Type>
                <StartAddress>0x0</StartAddress>
                <Size>0x0</Size>
              </OCR_RVCT3>
              <OCR_RVCT4>
                <Type>1</Type>
                <StartAddress>0x0</StartAddress>
                <Size>0x100000</Size>
              </OCR_RVCT4>
              <OCR_RVCT5>
                <Type>1</Type>
                <StartAddress>0x0</StartAddress>
                <Size>0x0</Size>
              </OCR_RVCT5>
              <OCR_RVCT6>
                <Type>0</Type>
                <StartAddress>0x0</StartAddress>
                <Size>0x0</Size>
              </OCR_RVCT6>
              <OCR_RVCT7>
                <Type>0</Type>
                <StartAddress>0x0</StartAddress>
                <Size>0x0</Size>
              </OCR_RVCT7>
              <OCR_RVCT8>
                <Type>0</Type>
                <StartAddress>0x0</StartAddress>
                <Size>0x0</Size>
              </OCR_RVCT8>
              <OCR_RVCT9>
                <Type>0</Type>
                <StartAddress>0x20000000</StartAddress>
                <Size>0x40000</Size>
              </OCR_RVCT9>
              <OCR_RVCT10>
                <Type>0</Type>
                <StartAddress>0x0</StartAddress>
                <Size>0x0</Size>
              </OCR_RVCT10>
            </OnChipMemories>
            <RvctStartVector></RvctStartVector>
          </ArmAdsMisc>
          <Cads>
            <interw>0</interw>
            <Optim>3</Optim>
            <oTime>1</oTime>
            <SplitLS>0</SplitLS>
            <OneElfS>1</OneElfS>
            <Strict>0</Strict>
            <EnumInt>0</EnumInt>
            <PlainCh>0</PlainCh>
            <Ropi>0</Ropi>
            <Rwpi>0</Rwpi>
            <wLevel>2</wLevel>
            <uThumb>0</uThumb>
            <uSurpInc>0</uSurpInc>
            <uC99>0</uC99>
            <uGnu>0</uGnu>
            <useXO>0</useXO>
            <v6Lang>1</v6Lang>
            <v6LangP>1</v6LangP>
            <vShortEn>1</vShortEn>
            <vShortWch>1</vShortWch>
            <v6Lto>0</v6Lto>
            <v6WtE>0</v6WtE>
            <v6Rtti>0</v6Rtti>
            <VariousControls>
              <MiscControls>--c99</MiscControls>
              <Define>rvmdk</Define>
              <Undefine></Undefine>
              <IncludePath>..\..\EmbbededSystemKeilProject</IncludePath>
            </VariousControls>
          </Cads>
          <Aads>
            <interw>1</interw>
            <Ropi>0</Ropi>
            <Rwpi>0</Rwpi>
            <thumb>0</thumb>
            <SplitLS>0</SplitLS>
            <SwStkChk>0</SwStkChk>
            <NoWarn>0</NoWarn>
            <uSurpInc>0</uSurpInc>
            <useXO>0</useXO>
            <uClangAs>0</uClangAs>
            <VariousControls>
              <MiscControls></MiscControls>
              <Define></Define>
              <Undefine></Undefine>
              <IncludePath></IncludePath>
            </VariousControls>
          </Aads>
          <LDads>
            <umfTarg>0</umfTarg>
            <Ropi>0</Ropi>
            <Rwpi>0</Rwpi>
            <noStLib>0</noStLib>
            <RepFail>1</RepFail>
            <useFile>0</useFile>
            <TextAddressRange>0x00000000</TextAddressRange>
            <DataAddressRange>0x20000000</DataAddressRange>
            <pXoBase></pXoBase>
            <ScatterFile></ScatterFile>
            <IncludeLibs></IncludeLibs>
            <IncludeLibsPath></IncludeLibsPath>
            <Misc></Misc>
            <LinkerInputFile></LinkerInputFile>
            <DisabledWarnings></DisabledWarnings>
          </LDads>
        </TargetArmAds>
      </TargetOption>
      <Groups>
        <Group>
          <GroupName>Source</GroupName>
          <Files>
            <File>
              <FileName>adc.c</FileName>
              <FileType>1</FileType>
              <FilePath>.\adc.c</FilePath>
            </File>
            <File>
              <FileName>aes.c</FileName>
              <FileType>1</FileType>
              <FilePath>.\aes.c</FilePath>
            </File>
            <File>
              <FileName>can.c</FileName>
              <FileType>1</FileType>
              <FilePath>.\can.c</FilePath>
            </File>
            <File>
              <FileName>comp.c</FileName>
              <FileType>1</FileType>
              <FilePath>.\comp.c</FilePath>
            </File>
            <File>
              <FileName>cpu.c</FileName>
              <FileType>1</FileType>
              <FilePath>.\cpu.c</FilePath>
            </File>
            <File>
              <FileName>crc.c</FileName>
              <FileType>1</FileType>
              <FilePath>.\crc.c</FilePath>
            </File>
            <File>
              <FileName>des.c</FileName>
              <FileType>1</FileType>
              <FilePath>.\des.c</FilePath>
            </File>
            <File>
              <FileName>eeprom.c</FileName>
              <FileType>1</FileType>
              <FilePath>.\eeprom.c</FilePath>
            </File>
            <File>
              <FileName>emac.c</FileName>
              <FileType>1</FileType>
              <FilePath>.\emac.c</FilePath>
            </File>
            <File>
              <FileName>epi.c</FileName>
              <FileType>1</FileType>
              <FilePath>.\epi.c</FilePath>
            </File>
            <File>
              <FileName>flash.c</FileName>
              <FileType>1</FileType>
              <FilePath>.\flash.c</FilePath>
            </File>
            <File>
              <FileName>fpu.c</FileName>
              <FileType>1</FileType>
              <FilePath>.\fpu.c</FilePath>
            </File>
            <File>
              <FileName>gpio.c</FileName>
              <FileType>1</FileType>
              <FilePath>.\gpio.c</FilePath>
            </File>
            <File>
              <FileName>hibernate.c</FileName>
              <FileType>1</FileType>
              <FilePath>.\hibernate.c</FilePath>
            </File>
            <File>
              <FileName>i2c.c</FileName>
              <FileType>1</FileType>
              <FilePath>.\i2c.c</FilePath>
            </File>
            <File>
              <FileName>interrupt.c</FileName>
              <FileType>1</FileType>
              <FilePath>.\interrupt.c</FilePath>
            </File>
            <File>
              <FileName>lcd.c</FileName>
              <FileType>1</FileType>
              <FilePath>.\lcd.c</FilePath>
            </File>
            <File>
              <FileName>mpu.c</FileName>
              <FileType>1</FileType>
              <FilePath>.\mpu.c</FilePath>
            </File>
            <File>
              <FileName>onewire.c</FileName>
              <FileType>1</FileType>
              <FilePath>.\onewire.c</FilePath>
            </File>
            <File>
              <FileName>pwm.c</FileName>
              <FileType>1</FileType>
              <FilePath>.\pwm.c</FilePath>
            </File>
            <File>
              <FileName>qei.c</FileName>
              <FileType>1</FileType>
              <FilePath>.\qei.c</FilePath>
            </File>
            <File>
              <FileName>shamd5.c</FileName>
              <FileType>1</FileType>
              <FilePath>.\shamd5.c</FilePath>
            </File>
            <File>
              <FileName>ssi.c</FileName>
              <FileType>1</FileType>
              <FilePath>.\ssi.c</FilePath>
            </File>
            <File>
              <FileName>sw_crc.c</FileName>
              <FileType>1</FileType>
              <FilePath>.\sw_crc.c</FilePath>
            </File>
            <File>
              <FileName>sysctl.c</FileName>
              <FileType>1</FileType>
              <FilePath>.\sysctl.c</FilePath>
            </File>
            <File>
              <FileName>sysexc.c</FileName>
              <FileType>1</FileType>
              <FilePath>.\sysexc.c</FilePath>
            </File>
            <File>
              <FileName>systick.c</FileName>
              <FileType>1</FileType>
              <FilePath>.\systick.c</FilePath>
            </File>
            <File>
              <FileName>timer.c</FileName>
              <FileType>1</FileType>
              <FilePath>.\timer.c</FilePath>
            </File>
            <File>
              <FileName>uart.c</FileName>
              <FileType>1</FileType>
              <FilePath>.\uart.c</FilePath>
            </File>
            <File>
              <FileName>udma.c</FileName>
              <FileType>1</FileType>
              <FilePath>.\udma.c</FilePath>
            </File>
            <File>
              <FileName>usb.c</FileName>
              <FileType>1</FileType>
              <FilePath>.\usb.c</FilePath>
            </File>
            <File>
              <FileName>watchdog.c</FileName>
              <FileType>1</FileType>
              <FilePath>.\watchdog.c</FilePath>
            </File>
          </Files>
        </Group>
        <Group>
          <GroupName>Documentation</GroupName>
          <Files>
            <File>
              <FileName>readme.txt</FileName>
              <FileType>5</FileType>
              <FilePath>.\readme.txt</FilePath>
            </File>
          </Files>
        </Group>
        <Group>
          <GroupName>::CMSIS</GroupName>
        </Group>
      </Groups>
    </Target>
  </Targets>

  <RTE>
    <apis/>
    <components>
      <component Cclass="CMSIS" Cgroup="CORE" Cvendor="ARM" Cversion="5.0.2" condition="ARMv6_7_8-M Device">
        <package name="CMSIS" schemaVersion="1.3" url="http://www.keil.com/pack/" vendor="ARM" version="5.2.0"/>
        <targetInfos>
          <targetInfo name="driverlib"/>
        </targetInfos>
      </component>
    </components>
    <files/>
  </RTE>

</Project>
