<?xml version="1.0" encoding="UTF-8" standalone="no" ?>
<Project xmlns:xsi="http://www.w3.org/2001/XMLSchema-instance" xsi:noNamespaceSchemaLocation="project_projx.xsd">

  <SchemaVersion>2.1</SchemaVersion>

  <Header>### uVision Project, (C) Keil Software</Header>

  <Targets>
    <Target>
      <TargetName>grlib</TargetName>
      <ToolsetNumber>0x4</ToolsetNumber>
      <ToolsetName>ARM-ADS</ToolsetName>
      <pCCUsed>5060528::V5.06 update 5 (build 528)::ARMCC</pCCUsed>
      <uAC6>0</uAC6>
      <TargetOption>
        <TargetCommonOption>
          <Device>TM4C1294NCPDT</Device>
          <Vendor>Texas Instruments</Vendor>
          <PackID>Keil.TM4C_DFP.1.1.0</PackID>
          <PackURL>http://www.keil.com/pack/</PackURL>
          <Cpu>IRAM(0x20000000,0x040000) IROM(0x00000000,0x100000) CPUTYPE("Cortex-M4") FPU2 CLOCK(12000000) ELITTLE</Cpu>
          <FlashUtilSpec></FlashUtilSpec>
          <StartupFile></StartupFile>
          <FlashDriverDll>UL2CM3(-S0 -C0 -P0 -FD20000000 -FC1000 -FN1 -FF0TM4C129_1024 -FS00 -FL0100000 -FP0($$Device:TM4C1294NCPDT$Flash\TM4C129_1024.FLM))</FlashDriverDll>
          <DeviceId>7088</DeviceId>
          <RegisterFile>$$Device:TM4C1294NCPDT$Device\Include\TM4C129\TM4C129.h</RegisterFile>
          <MemoryEnv></MemoryEnv>
          <Cmp></Cmp>
          <Asm></Asm>
          <Linker></Linker>
          <OHString></OHString>
          <InfinionOptionDll></InfinionOptionDll>
          <SLE66CMisc>-DTM4C1294NCPDT</SLE66CMisc>
          <SLE66AMisc></SLE66AMisc>
          <SLE66LinkerMisc></SLE66LinkerMisc>
          <SFDFile>$$Device:TM4C1294NCPDT$SVD\TM4C129\TM4C1294NCPDT.svd</SFDFile>
          <bCustSvd>0</bCustSvd>
          <UseEnv>0</UseEnv>
          <BinPath></BinPath>
          <IncludePath></IncludePath>
          <LibPath></LibPath>
          <RegisterFilePath></RegisterFilePath>
          <DBRegisterFilePath></DBRegisterFilePath>
          <TargetStatus>
            <Error>0</Error>
            <ExitCodeStop>0</ExitCodeStop>
            <ButtonStop>0</ButtonStop>
            <NotGenerated>0</NotGenerated>
            <InvalidFlash>1</InvalidFlash>
          </TargetStatus>
          <OutputDirectory>.\rvmdk\</OutputDirectory>
          <OutputName>grlib</OutputName>
          <CreateExecutable>0</CreateExecutable>
          <CreateLib>1</CreateLib>
          <CreateHexFile>0</CreateHexFile>
          <DebugInformation>1</DebugInformation>
          <BrowseInformation>1</BrowseInformation>
          <ListingPath>.\rvmdk\</ListingPath>
          <HexFormatSelection>1</HexFormatSelection>
          <Merge32K>0</Merge32K>
          <CreateBatchFile>0</CreateBatchFile>
          <BeforeCompile>
            <RunUserProg1>0</RunUserProg1>
            <RunUserProg2>0</RunUserProg2>
            <UserProg1Name></UserProg1Name>
            <UserProg2Name></UserProg2Name>
            <UserProg1Dos16Mode>0</UserProg1Dos16Mode>
            <UserProg2Dos16Mode>0</UserProg2Dos16Mode>
            <nStopU1X>0</nStopU1X>
            <nStopU2X>0</nStopU2X>
          </BeforeCompile>
          <BeforeMake>
            <RunUserProg1>0</RunUserProg1>
            <RunUserProg2>0</RunUserProg2>
            <UserProg1Name></UserProg1Name>
            <UserProg2Name></UserProg2Name>
            <UserProg1Dos16Mode>0</UserProg1Dos16Mode>
            <UserProg2Dos16Mode>0</UserProg2Dos16Mode>
            <nStopB1X>0</nStopB1X>
            <nStopB2X>0</nStopB2X>
          </BeforeMake>
          <AfterMake>
            <RunUserProg1>0</RunUserProg1>
            <RunUserProg2>0</RunUserProg2>
            <UserProg1Name></UserProg1Name>
            <UserProg2Name></UserProg2Name>
            <UserProg1Dos16Mode>0</UserProg1Dos16Mode>
            <UserProg2Dos16Mode>0</UserProg2Dos16Mode>
            <nStopA1X>0</nStopA1X>
            <nStopA2X>0</nStopA2X>
          </AfterMake>
          <SelectedForBatchBuild>0</SelectedForBatchBuild>
          <SVCSIdString></SVCSIdString>
        </TargetCommonOption>
        <CommonProperty>
          <UseCPPCompiler>0</UseCPPCompiler>
          <RVCTCodeConst>0</RVCTCodeConst>
          <RVCTZI>0</RVCTZI>
          <RVCTOtherData>0</RVCTOtherData>
          <ModuleSelection>0</ModuleSelection>
          <IncludeInBuild>1</IncludeInBuild>
          <AlwaysBuild>0</AlwaysBuild>
          <GenerateAssemblyFile>0</GenerateAssemblyFile>
          <AssembleAssemblyFile>0</AssembleAssemblyFile>
          <PublicsOnly>0</PublicsOnly>
          <StopOnExitCode>3</StopOnExitCode>
          <CustomArgument></CustomArgument>
          <IncludeLibraryModules></IncludeLibraryModules>
          <ComprImg>1</ComprImg>
        </CommonProperty>
        <DllOption>
          <SimDllName>SARMCM3.DLL</SimDllName>
          <SimDllArguments>-MPU</SimDllArguments>
          <SimDlgDll>DCM.DLL</SimDlgDll>
          <SimDlgDllArguments>-pCM4</SimDlgDllArguments>
          <TargetDllName>SARMCM3.DLL</TargetDllName>
          <TargetDllArguments>-MPU</TargetDllArguments>
          <TargetDlgDll>TCM.DLL</TargetDlgDll>
          <TargetDlgDllArguments>-pCM4</TargetDlgDllArguments>
        </DllOption>
        <DebugOption>
          <OPTHX>
            <HexSelection>1</HexSelection>
            <HexRangeLowAddress>0</HexRangeLowAddress>
            <HexRangeHighAddress>0</HexRangeHighAddress>
            <HexOffset>0</HexOffset>
            <Oh166RecLen>16</Oh166RecLen>
          </OPTHX>
        </DebugOption>
        <Utilities>
          <Flash1>
            <UseTargetDll>1</UseTargetDll>
            <UseExternalTool>0</UseExternalTool>
            <RunIndependent>0</RunIndependent>
            <UpdateFlashBeforeDebugging>1</UpdateFlashBeforeDebugging>
            <Capability>1</Capability>
            <DriverSelection>4103</DriverSelection>
          </Flash1>
          <bUseTDR>1</bUseTDR>
          <Flash2>BIN\lmidk-agdi.dll</Flash2>
          <Flash3></Flash3>
          <Flash4></Flash4>
          <pFcarmOut></pFcarmOut>
          <pFcarmGrp></pFcarmGrp>
          <pFcArmRoot></pFcArmRoot>
          <FcArmLst>0</FcArmLst>
        </Utilities>
        <TargetArmAds>
          <ArmAdsMisc>
            <GenerateListings>0</GenerateListings>
            <asHll>1</asHll>
            <asAsm>1</asAsm>
            <asMacX>1</asMacX>
            <asSyms>1</asSyms>
            <asFals>1</asFals>
            <asDbgD>1</asDbgD>
            <asForm>1</asForm>
            <ldLst>0</ldLst>
            <ldmm>1</ldmm>
            <ldXref>1</ldXref>
            <BigEnd>0</BigEnd>
            <AdsALst>0</AdsALst>
            <AdsACrf>0</AdsACrf>
            <AdsANop>0</AdsANop>
            <AdsANot>0</AdsANot>
            <AdsLLst>0</AdsLLst>
            <AdsLmap>0</AdsLmap>
            <AdsLcgr>0</AdsLcgr>
            <AdsLsym>0</AdsLsym>
            <AdsLszi>0</AdsLszi>
            <AdsLtoi>0</AdsLtoi>
            <AdsLsun>0</AdsLsun>
            <AdsLven>0</AdsLven>
            <AdsLsxf>0</AdsLsxf>
            <RvctClst>0</RvctClst>
            <GenPPlst>0</GenPPlst>
            <AdsCpuType>"Cortex-M4"</AdsCpuType>
            <RvctDeviceName></RvctDeviceName>
            <mOS>0</mOS>
            <uocRom>0</uocRom>
            <uocRam>0</uocRam>
            <hadIROM>1</hadIROM>
            <hadIRAM>1</hadIRAM>
            <hadXRAM>0</hadXRAM>
            <uocXRam>0</uocXRam>
            <RvdsVP>2</RvdsVP>
            <hadIRAM2>0</hadIRAM2>
            <hadIROM2>0</hadIROM2>
            <StupSel>8</StupSel>
            <useUlib>1</useUlib>
            <EndSel>0</EndSel>
            <uLtcg>0</uLtcg>
            <nSecure>0</nSecure>
            <RoSelD>3</RoSelD>
            <RwSelD>3</RwSelD>
            <CodeSel>0</CodeSel>
            <OptFeed>0</OptFeed>
            <NoZi1>0</NoZi1>
            <NoZi2>0</NoZi2>
            <NoZi3>0</NoZi3>
            <NoZi4>0</NoZi4>
            <NoZi5>0</NoZi5>
            <Ro1Chk>0</Ro1Chk>
            <Ro2Chk>0</Ro2Chk>
            <Ro3Chk>0</Ro3Chk>
            <Ir1Chk>1</Ir1Chk>
            <Ir2Chk>0</Ir2Chk>
            <Ra1Chk>0</Ra1Chk>
            <Ra2Chk>0</Ra2Chk>
            <Ra3Chk>0</Ra3Chk>
            <Im1Chk>1</Im1Chk>
            <Im2Chk>0</Im2Chk>
            <OnChipMemories>
              <Ocm1>
                <Type>0</Type>
                <StartAddress>0x0</StartAddress>
                <Size>0x0</Size>
              </Ocm1>
              <Ocm2>
                <Type>0</Type>
                <StartAddress>0x0</StartAddress>
                <Size>0x0</Size>
              </Ocm2>
              <Ocm3>
                <Type>0</Type>
                <StartAddress>0x0</StartAddress>
                <Size>0x0</Size>
              </Ocm3>
              <Ocm4>
                <Type>0</Type>
                <StartAddress>0x0</StartAddress>
                <Size>0x0</Size>
              </Ocm4>
              <Ocm5>
                <Type>0</Type>
                <StartAddress>0x0</StartAddress>
                <Size>0x0</Size>
              </Ocm5>
              <Ocm6>
                <Type>0</Type>
                <StartAddress>0x0</StartAddress>
                <Size>0x0</Size>
              </Ocm6>
              <IRAM>
                <Type>0</Type>
                <StartAddress>0x20000000</StartAddress>
                <Size>0x40000</Size>
              </IRAM>
              <IROM>
                <Type>1</Type>
                <StartAddress>0x0</StartAddress>
                <Size>0x100000</Size>
              </IROM>
              <XRAM>
                <Type>0</Type>
                <StartAddress>0x0</StartAddress>
                <Size>0x0</Size>
              </XRAM>
              <OCR_RVCT1>
                <Type>1</Type>
                <StartAddress>0x0</StartAddress>
                <Size>0x0</Size>
              </OCR_RVCT1>
              <OCR_RVCT2>
                <Type>1</Type>
                <StartAddress>0x0</StartAddress>
                <Size>0x0</Size>
              </OCR_RVCT2>
              <OCR_RVCT3>
                <Type>1</Type>
                <StartAddress>0x0</StartAddress>
                <Size>0x0</Size>
              </OCR_RVCT3>
              <OCR_RVCT4>
                <Type>1</Type>
                <StartAddress>0x0</StartAddress>
                <Size>0x100000</Size>
              </OCR_RVCT4>
              <OCR_RVCT5>
                <Type>1</Type>
                <StartAddress>0x0</StartAddress>
                <Size>0x0</Size>
              </OCR_RVCT5>
              <OCR_RVCT6>
                <Type>0</Type>
                <StartAddress>0x0</StartAddress>
                <Size>0x0</Size>
              </OCR_RVCT6>
              <OCR_RVCT7>
                <Type>0</Type>
                <StartAddress>0x0</StartAddress>
                <Size>0x0</Size>
              </OCR_RVCT7>
              <OCR_RVCT8>
                <Type>0</Type>
                <StartAddress>0x0</StartAddress>
                <Size>0x0</Size>
              </OCR_RVCT8>
              <OCR_RVCT9>
                <Type>0</Type>
                <StartAddress>0x20000000</StartAddress>
                <Size>0x40000</Size>
              </OCR_RVCT9>
              <OCR_RVCT10>
                <Type>0</Type>
                <StartAddress>0x0</StartAddress>
                <Size>0x0</Size>
              </OCR_RVCT10>
            </OnChipMemories>
            <RvctStartVector></RvctStartVector>
          </ArmAdsMisc>
          <Cads>
            <interw>0</interw>
            <Optim>3</Optim>
            <oTime>1</oTime>
            <SplitLS>0</SplitLS>
            <OneElfS>1</OneElfS>
            <Strict>0</Strict>
            <EnumInt>0</EnumInt>
            <PlainCh>0</PlainCh>
            <Ropi>0</Ropi>
            <Rwpi>0</Rwpi>
            <wLevel>2</wLevel>
            <uThumb>0</uThumb>
            <uSurpInc>0</uSurpInc>
            <uC99>0</uC99>
            <uGnu>0</uGnu>
            <useXO>0</useXO>
            <v6Lang>1</v6Lang>
            <v6LangP>1</v6LangP>
            <vShortEn>1</vShortEn>
            <vShortWch>1</vShortWch>
            <v6Lto>0</v6Lto>
            <v6WtE>0</v6WtE>
            <v6Rtti>0</v6Rtti>
            <VariousControls>
              <MiscControls>--c99</MiscControls>
              <Define>rvmdk</Define>
              <Undefine></Undefine>
              <IncludePath>..\..\EmbbededSystemKeilProject</IncludePath>
            </VariousControls>
          </Cads>
          <Aads>
            <interw>1</interw>
            <Ropi>0</Ropi>
            <Rwpi>0</Rwpi>
            <thumb>0</thumb>
            <SplitLS>0</SplitLS>
            <SwStkChk>0</SwStkChk>
            <NoWarn>0</NoWarn>
            <uSurpInc>0</uSurpInc>
            <useXO>0</useXO>
            <uClangAs>0</uClangAs>
            <VariousControls>
              <MiscControls></MiscControls>
              <Define></Define>
              <Undefine></Undefine>
              <IncludePath></IncludePath>
            </VariousControls>
          </Aads>
          <LDads>
            <umfTarg>0</umfTarg>
            <Ropi>0</Ropi>
            <Rwpi>0</Rwpi>
            <noStLib>0</noStLib>
            <RepFail>1</RepFail>
            <useFile>0</useFile>
            <TextAddressRange>0x00000000</TextAddressRange>
            <DataAddressRange>0x20000000</DataAddressRange>
            <pXoBase></pXoBase>
            <ScatterFile></ScatterFile>
            <IncludeLibs></IncludeLibs>
            <IncludeLibsPath></IncludeLibsPath>
            <Misc></Misc>
            <LinkerInputFile></LinkerInputFile>
            <DisabledWarnings></DisabledWarnings>
          </LDads>
        </TargetArmAds>
      </TargetOption>
      <Groups>
        <Group>
          <GroupName>Source</GroupName>
          <Files>
            <File>
              <FileName>canvas.c</FileName>
              <FileType>1</FileType>
              <FilePath>.\canvas.c</FilePath>
            </File>
            <File>
              <FileName>charmap.c</FileName>
              <FileType>1</FileType>
              <FilePath>.\charmap.c</FilePath>
            </File>
            <File>
              <FileName>checkbox.c</FileName>
              <FileType>1</FileType>
              <FilePath>.\checkbox.c</FilePath>
            </File>
            <File>
              <FileName>circle.c</FileName>
              <FileType>1</FileType>
              <FilePath>.\circle.c</FilePath>
            </File>
            <File>
              <FileName>container.c</FileName>
              <FileType>1</FileType>
              <FilePath>.\container.c</FilePath>
            </File>
            <File>
              <FileName>context.c</FileName>
              <FileType>1</FileType>
              <FilePath>.\context.c</FilePath>
            </File>
            <File>
              <FileName>fontcm12.c</FileName>
              <FileType>1</FileType>
              <FilePath>.\fonts\fontcm12.c</FilePath>
            </File>
            <File>
              <FileName>fontcm12b.c</FileName>
              <FileType>1</FileType>
              <FilePath>.\fonts\fontcm12b.c</FilePath>
            </File>
            <File>
              <FileName>fontcm12i.c</FileName>
              <FileType>1</FileType>
              <FilePath>.\fonts\fontcm12i.c</FilePath>
            </File>
            <File>
              <FileName>fontcm14.c</FileName>
              <FileType>1</FileType>
              <FilePath>.\fonts\fontcm14.c</FilePath>
            </File>
            <File>
              <FileName>fontcm14b.c</FileName>
              <FileType>1</FileType>
              <FilePath>.\fonts\fontcm14b.c</FilePath>
            </File>
            <File>
              <FileName>fontcm14i.c</FileName>
              <FileType>1</FileType>
              <FilePath>.\fonts\fontcm14i.c</FilePath>
            </File>
            <File>
              <FileName>fontcm16.c</FileName>
              <FileType>1</FileType>
              <FilePath>.\fonts\fontcm16.c</FilePath>
            </File>
            <File>
              <FileName>fontcm16b.c</FileName>
              <FileType>1</FileType>
              <FilePath>.\fonts\fontcm16b.c</FilePath>
            </File>
            <File>
              <FileName>fontcm16i.c</FileName>
              <FileType>1</FileType>
              <FilePath>.\fonts\fontcm16i.c</FilePath>
            </File>
            <File>
              <FileName>fontcm18.c</FileName>
              <FileType>1</FileType>
              <FilePath>.\fonts\fontcm18.c</FilePath>
            </File>
            <File>
              <FileName>fontcm18b.c</FileName>
              <FileType>1</FileType>
              <FilePath>.\fonts\fontcm18b.c</FilePath>
            </File>
            <File>
              <FileName>fontcm18i.c</FileName>
              <FileType>1</FileType>
              <FilePath>.\fonts\fontcm18i.c</FilePath>
            </File>
            <File>
              <FileName>fontcm20.c</FileName>
              <FileType>1</FileType>
              <FilePath>.\fonts\fontcm20.c</FilePath>
            </File>
            <File>
              <FileName>fontcm20b.c</FileName>
              <FileType>1</FileType>
              <FilePath>.\fonts\fontcm20b.c</FilePath>
            </File>
            <File>
              <FileName>fontcm20i.c</FileName>
              <FileType>1</FileType>
              <FilePath>.\fonts\fontcm20i.c</FilePath>
            </File>
            <File>
              <FileName>fontcm22.c</FileName>
              <FileType>1</FileType>
              <FilePath>.\fonts\fontcm22.c</FilePath>
            </File>
            <File>
              <FileName>fontcm22b.c</FileName>
              <FileType>1</FileType>
              <FilePath>.\fonts\fontcm22b.c</FilePath>
            </File>
            <File>
              <FileName>fontcm22i.c</FileName>
              <FileType>1</FileType>
              <FilePath>.\fonts\fontcm22i.c</FilePath>
            </File>
            <File>
              <FileName>fontcm24.c</FileName>
              <FileType>1</FileType>
              <FilePath>.\fonts\fontcm24.c</FilePath>
            </File>
            <File>
              <FileName>fontcm24b.c</FileName>
              <FileType>1</FileType>
              <FilePath>.\fonts\fontcm24b.c</FilePath>
            </File>
            <File>
              <FileName>fontcm24i.c</FileName>
              <FileType>1</FileType>
              <FilePath>.\fonts\fontcm24i.c</FilePath>
            </File>
            <File>
              <FileName>fontcm26.c</FileName>
              <FileType>1</FileType>
              <FilePath>.\fonts\fontcm26.c</FilePath>
            </File>
            <File>
              <FileName>fontcm26b.c</FileName>
              <FileType>1</FileType>
              <FilePath>.\fonts\fontcm26b.c</FilePath>
            </File>
            <File>
              <FileName>fontcm26i.c</FileName>
              <FileType>1</FileType>
              <FilePath>.\fonts\fontcm26i.c</FilePath>
            </File>
            <File>
              <FileName>fontcm28.c</FileName>
              <FileType>1</FileType>
              <FilePath>.\fonts\fontcm28.c</FilePath>
            </File>
            <File>
              <FileName>fontcm28b.c</FileName>
              <FileType>1</FileType>
              <FilePath>.\fonts\fontcm28b.c</FilePath>
            </File>
            <File>
              <FileName>fontcm28i.c</FileName>
              <FileType>1</FileType>
              <FilePath>.\fonts\fontcm28i.c</FilePath>
            </File>
            <File>
              <FileName>fontcm30.c</FileName>
              <FileType>1</FileType>
              <FilePath>.\fonts\fontcm30.c</FilePath>
            </File>
            <File>
              <FileName>fontcm30b.c</FileName>
              <FileType>1</FileType>
              <FilePath>.\fonts\fontcm30b.c</FilePath>
            </File>
            <File>
              <FileName>fontcm30i.c</FileName>
              <FileType>1</FileType>
              <FilePath>.\fonts\fontcm30i.c</FilePath>
            </File>
            <File>
              <FileName>fontcm32.c</FileName>
              <FileType>1</FileType>
              <FilePath>.\fonts\fontcm32.c</FilePath>
            </File>
            <File>
              <FileName>fontcm32b.c</FileName>
              <FileType>1</FileType>
              <FilePath>.\fonts\fontcm32b.c</FilePath>
            </File>
            <File>
              <FileName>fontcm32i.c</FileName>
              <FileType>1</FileType>
              <FilePath>.\fonts\fontcm32i.c</FilePath>
            </File>
            <File>
              <FileName>fontcm34.c</FileName>
              <FileType>1</FileType>
              <FilePath>.\fonts\fontcm34.c</FilePath>
            </File>
            <File>
              <FileName>fontcm34b.c</FileName>
              <FileType>1</FileType>
              <FilePath>.\fonts\fontcm34b.c</FilePath>
            </File>
            <File>
              <FileName>fontcm34i.c</FileName>
              <FileType>1</FileType>
              <FilePath>.\fonts\fontcm34i.c</FilePath>
            </File>
            <File>
              <FileName>fontcm36.c</FileName>
              <FileType>1</FileType>
              <FilePath>.\fonts\fontcm36.c</FilePath>
            </File>
            <File>
              <FileName>fontcm36b.c</FileName>
              <FileType>1</FileType>
              <FilePath>.\fonts\fontcm36b.c</FilePath>
            </File>
            <File>
              <FileName>fontcm36i.c</FileName>
              <FileType>1</FileType>
              <FilePath>.\fonts\fontcm36i.c</FilePath>
            </File>
            <File>
              <FileName>fontcm38.c</FileName>
              <FileType>1</FileType>
              <FilePath>.\fonts\fontcm38.c</FilePath>
            </File>
            <File>
              <FileName>fontcm38b.c</FileName>
              <FileType>1</FileType>
              <FilePath>.\fonts\fontcm38b.c</FilePath>
            </File>
            <File>
              <FileName>fontcm38i.c</FileName>
              <FileType>1</FileType>
              <FilePath>.\fonts\fontcm38i.c</FilePath>
            </File>
            <File>
              <FileName>fontcm40.c</FileName>
              <FileType>1</FileType>
              <FilePath>.\fonts\fontcm40.c</FilePath>
            </File>
            <File>
              <FileName>fontcm40b.c</FileName>
              <FileType>1</FileType>
              <FilePath>.\fonts\fontcm40b.c</FilePath>
            </File>
            <File>
              <FileName>fontcm40i.c</FileName>
              <FileType>1</FileType>
              <FilePath>.\fonts\fontcm40i.c</FilePath>
            </File>
            <File>
              <FileName>fontcm42.c</FileName>
              <FileType>1</FileType>
              <FilePath>.\fonts\fontcm42.c</FilePath>
            </File>
            <File>
              <FileName>fontcm42b.c</FileName>
              <FileType>1</FileType>
              <FilePath>.\fonts\fontcm42b.c</FilePath>
            </File>
            <File>
              <FileName>fontcm42i.c</FileName>
              <FileType>1</FileType>
              <FilePath>.\fonts\fontcm42i.c</FilePath>
            </File>
            <File>
              <FileName>fontcm44.c</FileName>
              <FileType>1</FileType>
              <FilePath>.\fonts\fontcm44.c</FilePath>
            </File>
            <File>
              <FileName>fontcm44b.c</FileName>
              <FileType>1</FileType>
              <FilePath>.\fonts\fontcm44b.c</FilePath>
            </File>
            <File>
              <FileName>fontcm44i.c</FileName>
              <FileType>1</FileType>
              <FilePath>.\fonts\fontcm44i.c</FilePath>
            </File>
            <File>
              <FileName>fontcm46.c</FileName>
              <FileType>1</FileType>
              <FilePath>.\fonts\fontcm46.c</FilePath>
            </File>
            <File>
              <FileName>fontcm46b.c</FileName>
              <FileType>1</FileType>
              <FilePath>.\fonts\fontcm46b.c</FilePath>
            </File>
            <File>
              <FileName>fontcm46i.c</FileName>
              <FileType>1</FileType>
              <FilePath>.\fonts\fontcm46i.c</FilePath>
            </File>
            <File>
              <FileName>fontcm48.c</FileName>
              <FileType>1</FileType>
              <FilePath>.\fonts\fontcm48.c</FilePath>
            </File>
            <File>
              <FileName>fontcm48b.c</FileName>
              <FileType>1</FileType>
              <FilePath>.\fonts\fontcm48b.c</FilePath>
            </File>
            <File>
              <FileName>fontcm48i.c</FileName>
              <FileType>1</FileType>
              <FilePath>.\fonts\fontcm48i.c</FilePath>
            </File>
            <File>
              <FileName>fontcmsc12.c</FileName>
              <FileType>1</FileType>
              <FilePath>.\fonts\fontcmsc12.c</FilePath>
            </File>
            <File>
              <FileName>fontcmsc14.c</FileName>
              <FileType>1</FileType>
              <FilePath>.\fonts\fontcmsc14.c</FilePath>
            </File>
            <File>
              <FileName>fontcmsc16.c</FileName>
              <FileType>1</FileType>
              <FilePath>.\fonts\fontcmsc16.c</FilePath>
            </File>
            <File>
              <FileName>fontcmsc18.c</FileName>
              <FileType>1</FileType>
              <FilePath>.\fonts\fontcmsc18.c</FilePath>
            </File>
            <File>
              <FileName>fontcmsc20.c</FileName>
              <FileType>1</FileType>
              <FilePath>.\fonts\fontcmsc20.c</FilePath>
            </File>
            <File>
              <FileName>fontcmsc22.c</FileName>
              <FileType>1</FileType>
              <FilePath>.\fonts\fontcmsc22.c</FilePath>
            </File>
            <File>
              <FileName>fontcmsc24.c</FileName>
              <FileType>1</FileType>
              <FilePath>.\fonts\fontcmsc24.c</FilePath>
            </File>
            <File>
              <FileName>fontcmsc26.c</FileName>
              <FileType>1</FileType>
              <FilePath>.\fonts\fontcmsc26.c</FilePath>
            </File>
            <File>
              <FileName>fontcmsc28.c</FileName>
              <FileType>1</FileType>
              <FilePath>.\fonts\fontcmsc28.c</FilePath>
            </File>
            <File>
              <FileName>fontcmsc30.c</FileName>
              <FileType>1</FileType>
              <FilePath>.\fonts\fontcmsc30.c</FilePath>
            </File>
            <File>
              <FileName>fontcmsc32.c</FileName>
              <FileType>1</FileType>
              <FilePath>.\fonts\fontcmsc32.c</FilePath>
            </File>
            <File>
              <FileName>fontcmsc34.c</FileName>
              <FileType>1</FileType>
              <FilePath>.\fonts\fontcmsc34.c</FilePath>
            </File>
            <File>
              <FileName>fontcmsc36.c</FileName>
              <FileType>1</FileType>
              <FilePath>.\fonts\fontcmsc36.c</FilePath>
            </File>
            <File>
              <FileName>fontcmsc38.c</FileName>
              <FileType>1</FileType>
              <FilePath>.\fonts\fontcmsc38.c</FilePath>
            </File>
            <File>
              <FileName>fontcmsc40.c</FileName>
              <FileType>1</FileType>
              <FilePath>.\fonts\fontcmsc40.c</FilePath>
            </File>
            <File>
              <FileName>fontcmsc42.c</FileName>
              <FileType>1</FileType>
              <FilePath>.\fonts\fontcmsc42.c</FilePath>
            </File>
            <File>
              <FileName>fontcmsc44.c</FileName>
              <FileType>1</FileType>
              <FilePath>.\fonts\fontcmsc44.c</FilePath>
            </File>
            <File>
              <FileName>fontcmsc46.c</FileName>
              <FileType>1</FileType>
              <FilePath>.\fonts\fontcmsc46.c</FilePath>
            </File>
            <File>
              <FileName>fontcmsc48.c</FileName>
              <FileType>1</FileType>
              <FilePath>.\fonts\fontcmsc48.c</FilePath>
            </File>
            <File>
              <FileName>fontcmss12.c</FileName>
              <FileType>1</FileType>
              <FilePath>.\fonts\fontcmss12.c</FilePath>
            </File>
            <File>
              <FileName>fontcmss12b.c</FileName>
              <FileType>1</FileType>
              <FilePath>.\fonts\fontcmss12b.c</FilePath>
            </File>
            <File>
              <FileName>fontcmss12i.c</FileName>
              <FileType>1</FileType>
              <FilePath>.\fonts\fontcmss12i.c</FilePath>
            </File>
            <File>
              <FileName>fontcmss14.c</FileName>
              <FileType>1</FileType>
              <FilePath>.\fonts\fontcmss14.c</FilePath>
            </File>
            <File>
              <FileName>fontcmss14b.c</FileName>
              <FileType>1</FileType>
              <FilePath>.\fonts\fontcmss14b.c</FilePath>
            </File>
            <File>
              <FileName>fontcmss14i.c</FileName>
              <FileType>1</FileType>
              <FilePath>.\fonts\fontcmss14i.c</FilePath>
            </File>
            <File>
              <FileName>fontcmss16.c</FileName>
              <FileType>1</FileType>
              <FilePath>.\fonts\fontcmss16.c</FilePath>
            </File>
            <File>
              <FileName>fontcmss16b.c</FileName>
              <FileType>1</FileType>
              <FilePath>.\fonts\fontcmss16b.c</FilePath>
            </File>
            <File>
              <FileName>fontcmss16i.c</FileName>
              <FileType>1</FileType>
              <FilePath>.\fonts\fontcmss16i.c</FilePath>
            </File>
            <File>
              <FileName>fontcmss18.c</FileName>
              <FileType>1</FileType>
              <FilePath>.\fonts\fontcmss18.c</FilePath>
            </File>
            <File>
              <FileName>fontcmss18b.c</FileName>
              <FileType>1</FileType>
              <FilePath>.\fonts\fontcmss18b.c</FilePath>
            </File>
            <File>
              <FileName>fontcmss18i.c</FileName>
              <FileType>1</FileType>
              <FilePath>.\fonts\fontcmss18i.c</FilePath>
            </File>
            <File>
              <FileName>fontcmss20.c</FileName>
              <FileType>1</FileType>
              <FilePath>.\fonts\fontcmss20.c</FilePath>
            </File>
            <File>
              <FileName>fontcmss20b.c</FileName>
              <FileType>1</FileType>
              <FilePath>.\fonts\fontcmss20b.c</FilePath>
            </File>
            <File>
              <FileName>fontcmss20i.c</FileName>
              <FileType>1</FileType>
              <FilePath>.\fonts\fontcmss20i.c</FilePath>
            </File>
            <File>
              <FileName>fontcmss22.c</FileName>
              <FileType>1</FileType>
              <FilePath>.\fonts\fontcmss22.c</FilePath>
            </File>
            <File>
              <FileName>fontcmss22b.c</FileName>
              <FileType>1</FileType>
              <FilePath>.\fonts\fontcmss22b.c</FilePath>
            </File>
            <File>
              <FileName>fontcmss22i.c</FileName>
              <FileType>1</FileType>
              <FilePath>.\fonts\fontcmss22i.c</FilePath>
            </File>
            <File>
              <FileName>fontcmss24.c</FileName>
              <FileType>1</FileType>
              <FilePath>.\fonts\fontcmss24.c</FilePath>
            </File>
            <File>
              <FileName>fontcmss24b.c</FileName>
              <FileType>1</FileType>
              <FilePath>.\fonts\fontcmss24b.c</FilePath>
            </File>
            <File>
              <FileName>fontcmss24i.c</FileName>
              <FileType>1</FileType>
              <FilePath>.\fonts\fontcmss24i.c</FilePath>
            </File>
            <File>
              <FileName>fontcmss26.c</FileName>
              <FileType>1</FileType>
              <FilePath>.\fonts\fontcmss26.c</FilePath>
            </File>
            <File>
              <FileName>fontcmss26b.c</FileName>
              <FileType>1</FileType>
              <FilePath>.\fonts\fontcmss26b.c</FilePath>
            </File>
            <File>
              <FileName>fontcmss26i.c</FileName>
              <FileType>1</FileType>
              <FilePath>.\fonts\fontcmss26i.c</FilePath>
            </File>
            <File>
              <FileName>fontcmss28.c</FileName>
              <FileType>1</FileType>
              <FilePath>.\fonts\fontcmss28.c</FilePath>
            </File>
            <File>
              <FileName>fontcmss28b.c</FileName>
              <FileType>1</FileType>
              <FilePath>.\fonts\fontcmss28b.c</FilePath>
            </File>
            <File>
              <FileName>fontcmss28i.c</FileName>
              <FileType>1</FileType>
              <FilePath>.\fonts\fontcmss28i.c</FilePath>
            </File>
            <File>
              <FileName>fontcmss30.c</FileName>
              <FileType>1</FileType>
              <FilePath>.\fonts\fontcmss30.c</FilePath>
            </File>
            <File>
              <FileName>fontcmss30b.c</FileName>
              <FileType>1</FileType>
              <FilePath>.\fonts\fontcmss30b.c</FilePath>
            </File>
            <File>
              <FileName>fontcmss30i.c</FileName>
              <FileType>1</FileType>
              <FilePath>.\fonts\fontcmss30i.c</FilePath>
            </File>
            <File>
              <FileName>fontcmss32.c</FileName>
              <FileType>1</FileType>
              <FilePath>.\fonts\fontcmss32.c</FilePath>
            </File>
            <File>
              <FileName>fontcmss32b.c</FileName>
              <FileType>1</FileType>
              <FilePath>.\fonts\fontcmss32b.c</FilePath>
            </File>
            <File>
              <FileName>fontcmss32i.c</FileName>
              <FileType>1</FileType>
              <FilePath>.\fonts\fontcmss32i.c</FilePath>
            </File>
            <File>
              <FileName>fontcmss34.c</FileName>
              <FileType>1</FileType>
              <FilePath>.\fonts\fontcmss34.c</FilePath>
            </File>
            <File>
              <FileName>fontcmss34b.c</FileName>
              <FileType>1</FileType>
              <FilePath>.\fonts\fontcmss34b.c</FilePath>
            </File>
            <File>
              <FileName>fontcmss34i.c</FileName>
              <FileType>1</FileType>
              <FilePath>.\fonts\fontcmss34i.c</FilePath>
            </File>
            <File>
              <FileName>fontcmss36.c</FileName>
              <FileType>1</FileType>
              <FilePath>.\fonts\fontcmss36.c</FilePath>
            </File>
            <File>
              <FileName>fontcmss36b.c</FileName>
              <FileType>1</FileType>
              <FilePath>.\fonts\fontcmss36b.c</FilePath>
            </File>
            <File>
              <FileName>fontcmss36i.c</FileName>
              <FileType>1</FileType>
              <FilePath>.\fonts\fontcmss36i.c</FilePath>
            </File>
            <File>
              <FileName>fontcmss38.c</FileName>
              <FileType>1</FileType>
              <FilePath>.\fonts\fontcmss38.c</FilePath>
            </File>
            <File>
              <FileName>fontcmss38b.c</FileName>
              <FileType>1</FileType>
              <FilePath>.\fonts\fontcmss38b.c</FilePath>
            </File>
            <File>
              <FileName>fontcmss38i.c</FileName>
              <FileType>1</FileType>
              <FilePath>.\fonts\fontcmss38i.c</FilePath>
            </File>
            <File>
              <FileName>fontcmss40.c</FileName>
              <FileType>1</FileType>
              <FilePath>.\fonts\fontcmss40.c</FilePath>
            </File>
            <File>
              <FileName>fontcmss40b.c</FileName>
              <FileType>1</FileType>
              <FilePath>.\fonts\fontcmss40b.c</FilePath>
            </File>
            <File>
              <FileName>fontcmss40i.c</FileName>
              <FileType>1</FileType>
              <FilePath>.\fonts\fontcmss40i.c</FilePath>
            </File>
            <File>
              <FileName>fontcmss42.c</FileName>
              <FileType>1</FileType>
              <FilePath>.\fonts\fontcmss42.c</FilePath>
            </File>
            <File>
              <FileName>fontcmss42b.c</FileName>
              <FileType>1</FileType>
              <FilePath>.\fonts\fontcmss42b.c</FilePath>
            </File>
            <File>
              <FileName>fontcmss42i.c</FileName>
              <FileType>1</FileType>
              <FilePath>.\fonts\fontcmss42i.c</FilePath>
            </File>
            <File>
              <FileName>fontcmss44.c</FileName>
              <FileType>1</FileType>
              <FilePath>.\fonts\fontcmss44.c</FilePath>
            </File>
            <File>
              <FileName>fontcmss44b.c</FileName>
              <FileType>1</FileType>
              <FilePath>.\fonts\fontcmss44b.c</FilePath>
            </File>
            <File>
              <FileName>fontcmss44i.c</FileName>
              <FileType>1</FileType>
              <FilePath>.\fonts\fontcmss44i.c</FilePath>
            </File>
            <File>
              <FileName>fontcmss46.c</FileName>
              <FileType>1</FileType>
              <FilePath>.\fonts\fontcmss46.c</FilePath>
            </File>
            <File>
              <FileName>fontcmss46b.c</FileName>
              <FileType>1</FileType>
              <FilePath>.\fonts\fontcmss46b.c</FilePath>
            </File>
            <File>
              <FileName>fontcmss46i.c</FileName>
              <FileType>1</FileType>
              <FilePath>.\fonts\fontcmss46i.c</FilePath>
            </File>
            <File>
              <FileName>fontcmss48.c</FileName>
              <FileType>1</FileType>
              <FilePath>.\fonts\fontcmss48.c</FilePath>
            </File>
            <File>
              <FileName>fontcmss48b.c</FileName>
              <FileType>1</FileType>
              <FilePath>.\fonts\fontcmss48b.c</FilePath>
            </File>
            <File>
              <FileName>fontcmss48i.c</FileName>
              <FileType>1</FileType>
              <FilePath>.\fonts\fontcmss48i.c</FilePath>
            </File>
            <File>
              <FileName>fontcmtt12.c</FileName>
              <FileType>1</FileType>
              <FilePath>.\fonts\fontcmtt12.c</FilePath>
            </File>
            <File>
              <FileName>fontcmtt14.c</FileName>
              <FileType>1</FileType>
              <FilePath>.\fonts\fontcmtt14.c</FilePath>
            </File>
            <File>
              <FileName>fontcmtt16.c</FileName>
              <FileType>1</FileType>
              <FilePath>.\fonts\fontcmtt16.c</FilePath>
            </File>
            <File>
              <FileName>fontcmtt18.c</FileName>
              <FileType>1</FileType>
              <FilePath>.\fonts\fontcmtt18.c</FilePath>
            </File>
            <File>
              <FileName>fontcmtt20.c</FileName>
              <FileType>1</FileType>
              <FilePath>.\fonts\fontcmtt20.c</FilePath>
            </File>
            <File>
              <FileName>fontcmtt22.c</FileName>
              <FileType>1</FileType>
              <FilePath>.\fonts\fontcmtt22.c</FilePath>
            </File>
            <File>
              <FileName>fontcmtt24.c</FileName>
              <FileType>1</FileType>
              <FilePath>.\fonts\fontcmtt24.c</FilePath>
            </File>
            <File>
              <FileName>fontcmtt26.c</FileName>
              <FileType>1</FileType>
              <FilePath>.\fonts\fontcmtt26.c</FilePath>
            </File>
            <File>
              <FileName>fontcmtt28.c</FileName>
              <FileType>1</FileType>
              <FilePath>.\fonts\fontcmtt28.c</FilePath>
            </File>
            <File>
              <FileName>fontcmtt30.c</FileName>
              <FileType>1</FileType>
              <FilePath>.\fonts\fontcmtt30.c</FilePath>
            </File>
            <File>
              <FileName>fontcmtt32.c</FileName>
              <FileType>1</FileType>
              <FilePath>.\fonts\fontcmtt32.c</FilePath>
            </File>
            <File>
              <FileName>fontcmtt34.c</FileName>
              <FileType>1</FileType>
              <FilePath>.\fonts\fontcmtt34.c</FilePath>
            </File>
            <File>
              <FileName>fontcmtt36.c</FileName>
              <FileType>1</FileType>
              <FilePath>.\fonts\fontcmtt36.c</FilePath>
            </File>
            <File>
              <FileName>fontcmtt38.c</FileName>
              <FileType>1</FileType>
              <FilePath>.\fonts\fontcmtt38.c</FilePath>
            </File>
            <File>
              <FileName>fontcmtt40.c</FileName>
              <FileType>1</FileType>
              <FilePath>.\fonts\fontcmtt40.c</FilePath>
            </File>
            <File>
              <FileName>fontcmtt42.c</FileName>
              <FileType>1</FileType>
              <FilePath>.\fonts\fontcmtt42.c</FilePath>
            </File>
            <File>
              <FileName>fontcmtt44.c</FileName>
              <FileType>1</FileType>
              <FilePath>.\fonts\fontcmtt44.c</FilePath>
            </File>
            <File>
              <FileName>fontcmtt46.c</FileName>
              <FileType>1</FileType>
              <FilePath>.\fonts\fontcmtt46.c</FilePath>
            </File>
            <File>
              <FileName>fontcmtt48.c</FileName>
              <FileType>1</FileType>
              <FilePath>.\fonts\fontcmtt48.c</FilePath>
            </File>
            <File>
              <FileName>fontfixed6x8.c</FileName>
              <FileType>1</FileType>
              <FilePath>.\fonts\fontfixed6x8.c</FilePath>
            </File>
            <File>
              <FileName>image.c</FileName>
              <FileType>1</FileType>
              <FilePath>.\image.c</FilePath>
            </File>
            <File>
              <FileName>imgbutton.c</FileName>
              <FileType>1</FileType>
              <FilePath>.\imgbutton.c</FilePath>
            </File>
            <File>
              <FileName>keyboard.c</FileName>
              <FileType>1</FileType>
              <FilePath>.\keyboard.c</FilePath>
            </File>
            <File>
              <FileName>line.c</FileName>
              <FileType>1</FileType>
              <FilePath>.\line.c</FilePath>
            </File>
            <File>
              <FileName>listbox.c</FileName>
              <FileType>1</FileType>
              <FilePath>.\listbox.c</FilePath>
            </File>
            <File>
              <FileName>offscr1bpp.c</FileName>
              <FileType>1</FileType>
              <FilePath>.\offscr1bpp.c</FilePath>
            </File>
            <File>
              <FileName>offscr4bpp.c</FileName>
              <FileType>1</FileType>
              <FilePath>.\offscr4bpp.c</FilePath>
            </File>
            <File>
              <FileName>offscr8bpp.c</FileName>
              <FileType>1</FileType>
              <FilePath>.\offscr8bpp.c</FilePath>
            </File>
            <File>
              <FileName>pushbutton.c</FileName>
              <FileType>1</FileType>
              <FilePath>.\pushbutton.c</FilePath>
            </File>
            <File>
              <FileName>radiobutton.c</FileName>
              <FileType>1</FileType>
              <FilePath>.\radiobutton.c</FilePath>
            </File>
            <File>
              <FileName>rectangle.c</FileName>
              <FileType>1</FileType>
              <FilePath>.\rectangle.c</FilePath>
            </File>
            <File>
              <FileName>slider.c</FileName>
              <FileType>1</FileType>
              <FilePath>.\slider.c</FilePath>
            </File>
            <File>
              <FileName>string.c</FileName>
              <FileType>1</FileType>
              <FilePath>.\string.c</FilePath>
            </File>
            <File>
              <FileName>widget.c</FileName>
              <FileType>1</FileType>
              <FilePath>.\widget.c</FilePath>
            </File>
          </Files>
        </Group>
        <Group>
          <GroupName>Documentation</GroupName>
          <Files>
            <File>
              <FileName>readme.txt</FileName>
              <FileType>5</FileType>
              <FilePath>.\readme.txt</FilePath>
            </File>
          </Files>
        </Group>
        <Group>
          <GroupName>::CMSIS</GroupName>
        </Group>
      </Groups>
    </Target>
  </Targets>

  <RTE>
    <apis/>
    <components>
      <component Cclass="CMSIS" Cgroup="CORE" Cvendor="ARM" Cversion="5.0.2" condition="ARMv6_7_8-M Device">
        <package name="CMSIS" schemaVersion="1.3" url="http://www.keil.com/pack/" vendor="ARM" version="5.2.0"/>
        <targetInfos>
          <targetInfo name="grlib"/>
        </targetInfos>
      </component>
    </components>
    <files/>
  </RTE>

</Project>
