<?xml version="1.0" encoding="UTF-8" standalone="no"?>
<?fileVersion 4.0.0?>

<cproject storage_type_id="org.eclipse.cdt.core.XmlProjectDescriptionStorage">
	<storageModule configRelations="2" moduleId="org.eclipse.cdt.core.settings">
		<cconfiguration id="com.ti.ccstudio.buildDefinitions.TMS470.Debug.685356839">
			<storageModule buildSystemId="org.eclipse.cdt.managedbuilder.core.configurationDataProvider" id="com.ti.ccstudio.buildDefinitions.TMS470.Debug.685356839" moduleId="org.eclipse.cdt.core.settings" name="Debug">
				<macros>
					<stringMacro name="SW_ROOT" type="VALUE_PATH_DIR" value="${PROJECT_ROOT}/../.."/>
				</macros>
				<externalSettings/>
				<extensions>
					<extension id="com.ti.ccstudio.binaryparser.CoffParser" point="org.eclipse.cdt.core.BinaryParser"/>
					<extension id="com.ti.ccstudio.errorparser.CoffErrorParser" point="org.eclipse.cdt.core.ErrorParser"/>
					<extension id="com.ti.ccstudio.errorparser.LinkErrorParser" point="org.eclipse.cdt.core.ErrorParser"/>
					<extension id="com.ti.ccstudio.errorparser.AsmErrorParser" point="org.eclipse.cdt.core.ErrorParser"/>
				</extensions>
			</storageModule>
			<storageModule moduleId="cdtBuildSystem" version="4.0.0">
				<configuration artifactExtension="lib" artifactName="${ProjName}" buildProperties="" cleanCommand="${CG_CLEAN_CMD}" description="" id="com.ti.ccstudio.buildDefinitions.TMS470.Debug.685356839" name="Debug" parent="com.ti.ccstudio.buildDefinitions.TMS470.Debug" postbuildStep="" prebuildStep="">
					<folderInfo id="com.ti.ccstudio.buildDefinitions.TMS470.Debug.685356839." name="/" resourcePath="">
						<toolChain id="com.ti.ccstudio.buildDefinitions.TMS470_5.2.libraryDebugToolchain.556860953" name="TI Build Tools" superClass="com.ti.ccstudio.buildDefinitions.TMS470_5.2.libraryDebugToolchain" targetTool="com.ti.ccstudio.buildDefinitions.TMS470_5.2.library.librarianDebug.840863898">
							<option id="com.ti.ccstudio.buildDefinitions.core.OPT_TAGS.1269380497" superClass="com.ti.ccstudio.buildDefinitions.core.OPT_TAGS" valueType="stringList">
								<listOptionValue builtIn="false" value="DEVICE_CONFIGURATION_ID=Cortex M.TM4C1230C3PM"/>
								<listOptionValue builtIn="false" value="DEVICE_ENDIANNESS=little"/>
								<listOptionValue builtIn="false" value="OUTPUT_FORMAT=ELF"/>
								<listOptionValue builtIn="false" value="CCS_MBS_VERSION=5.5.0"/>
								<listOptionValue builtIn="false" value="OUTPUT_TYPE=staticLibrary"/>
							</option>
							<option id="com.ti.ccstudio.buildDefinitions.core.OPT_CODEGEN_VERSION.845879492" superClass="com.ti.ccstudio.buildDefinitions.core.OPT_CODEGEN_VERSION" value="5.2.6" valueType="string"/>
							<targetPlatform id="com.ti.ccstudio.buildDefinitions.TMS470_5.2.library.targetPlatformDebug.1177924406" name="Platform" superClass="com.ti.ccstudio.buildDefinitions.TMS470_5.2.library.targetPlatformDebug"/>
							<builder buildPath="${BuildDirectory}" id="com.ti.ccstudio.buildDefinitions.TMS470_5.2.library.builderDebug.822312293" name="GNU Make.Debug" superClass="com.ti.ccstudio.buildDefinitions.TMS470_5.2.library.builderDebug"/>
							<tool id="com.ti.ccstudio.buildDefinitions.TMS470_5.2.library.compilerDebug.1682346048" name="ARM Compiler" superClass="com.ti.ccstudio.buildDefinitions.TMS470_5.2.library.compilerDebug">
								<option id="com.ti.ccstudio.buildDefinitions.TMS470_5.2.compilerID.SILICON_VERSION.336313940" superClass="com.ti.ccstudio.buildDefinitions.TMS470_5.2.compilerID.SILICON_VERSION" value="com.ti.ccstudio.buildDefinitions.TMS470_5.2.compilerID.SILICON_VERSION.7M4" valueType="enumerated"/>
								<option id="com.ti.ccstudio.buildDefinitions.TMS470_5.2.compilerID.CODE_STATE.121645756" superClass="com.ti.ccstudio.buildDefinitions.TMS470_5.2.compilerID.CODE_STATE" value="com.ti.ccstudio.buildDefinitions.TMS470_5.2.compilerID.CODE_STATE.16" valueType="enumerated"/>
								<option id="com.ti.ccstudio.buildDefinitions.TMS470_5.2.compilerID.ABI.150942486" superClass="com.ti.ccstudio.buildDefinitions.TMS470_5.2.compilerID.ABI" value="com.ti.ccstudio.buildDefinitions.TMS470_5.2.compilerID.ABI.eabi" valueType="enumerated"/>
								<option id="com.ti.ccstudio.buildDefinitions.TMS470_5.2.compilerID.FLOAT_SUPPORT.2128821326" superClass="com.ti.ccstudio.buildDefinitions.TMS470_5.2.compilerID.FLOAT_SUPPORT" value="com.ti.ccstudio.buildDefinitions.TMS470_5.2.compilerID.FLOAT_SUPPORT.FPv4SPD16" valueType="enumerated"/>
								<option id="com.ti.ccstudio.buildDefinitions.TMS470_5.2.compilerID.GCC.1979219081" superClass="com.ti.ccstudio.buildDefinitions.TMS470_5.2.compilerID.GCC" value="true" valueType="boolean"/>
								<option id="com.ti.ccstudio.buildDefinitions.TMS470_5.2.compilerID.DEFINE.400965060" superClass="com.ti.ccstudio.buildDefinitions.TMS470_5.2.compilerID.DEFINE" valueType="definedSymbols">
									<listOptionValue builtIn="false" value="ccs=&quot;ccs&quot;"/>
									<listOptionValue builtIn="false" value="PART_TM4C1230C3PM"/>
								</option>
								<option id="com.ti.ccstudio.buildDefinitions.TMS470_5.2.compilerID.DEBUGGING_MODEL.1110361838" superClass="com.ti.ccstudio.buildDefinitions.TMS470_5.2.compilerID.DEBUGGING_MODEL" value="com.ti.ccstudio.buildDefinitions.TMS470_5.2.compilerID.DEBUGGING_MODEL.SYMDEBUG__DWARF" valueType="enumerated"/>
								<option id="com.ti.ccstudio.buildDefinitions.TMS470_5.2.compilerID.ADVICE__POWER.228236424" superClass="com.ti.ccstudio.buildDefinitions.TMS470_5.2.compilerID.ADVICE__POWER" value="all" valueType="string"/>
								<option id="com.ti.ccstudio.buildDefinitions.TMS470_5.2.compilerID.DIAG_WARNING.1762067020" superClass="com.ti.ccstudio.buildDefinitions.TMS470_5.2.compilerID.DIAG_WARNING" valueType="stringList">
									<listOptionValue builtIn="false" value="225"/>
								</option>
								<option id="com.ti.ccstudio.buildDefinitions.TMS470_5.2.compilerID.DISPLAY_ERROR_NUMBER.1403052508" superClass="com.ti.ccstudio.buildDefinitions.TMS470_5.2.compilerID.DISPLAY_ERROR_NUMBER" value="true" valueType="boolean"/>
								<option id="com.ti.ccstudio.buildDefinitions.TMS470_5.2.compilerID.DIAG_WRAP.432611225" superClass="com.ti.ccstudio.buildDefinitions.TMS470_5.2.compilerID.DIAG_WRAP" value="com.ti.ccstudio.buildDefinitions.TMS470_5.2.compilerID.DIAG_WRAP.off" valueType="enumerated"/>
								<option id="com.ti.ccstudio.buildDefinitions.TMS470_5.2.compilerID.INCLUDE_PATH.793702323" superClass="com.ti.ccstudio.buildDefinitions.TMS470_5.2.compilerID.INCLUDE_PATH" valueType="includePath">
									<listOptionValue builtIn="false" value="&quot;${CG_TOOL_ROOT}/include&quot;"/>
									<listOptionValue builtIn="false" value="&quot;${SW_ROOT}&quot;"/>
								</option>
								<option id="com.ti.ccstudio.buildDefinitions.TMS470_5.2.compilerID.LITTLE_ENDIAN.729470734" superClass="com.ti.ccstudio.buildDefinitions.TMS470_5.2.compilerID.LITTLE_ENDIAN" value="true" valueType="boolean"/>
								<option id="com.ti.ccstudio.buildDefinitions.TMS470_5.2.compilerID.GEN_FUNC_SUBSECTIONS.78286368" superClass="com.ti.ccstudio.buildDefinitions.TMS470_5.2.compilerID.GEN_FUNC_SUBSECTIONS" value="com.ti.ccstudio.buildDefinitions.TMS470_5.2.compilerID.GEN_FUNC_SUBSECTIONS.on" valueType="enumerated"/>
								<option id="com.ti.ccstudio.buildDefinitions.TMS470_5.2.compilerID.OPT_LEVEL.109071449" superClass="com.ti.ccstudio.buildDefinitions.TMS470_5.2.compilerID.OPT_LEVEL" value="com.ti.ccstudio.buildDefinitions.TMS470_5.2.compilerID.OPT_LEVEL.2" valueType="enumerated"/>
								<option id="com.ti.ccstudio.buildDefinitions.TMS470_5.2.compilerID.UAL.1764567421" superClass="com.ti.ccstudio.buildDefinitions.TMS470_5.2.compilerID.UAL" value="true" valueType="boolean"/>
								<inputType id="com.ti.ccstudio.buildDefinitions.TMS470_5.2.compiler.inputType__C_SRCS.1963772937" name="C Sources" superClass="com.ti.ccstudio.buildDefinitions.TMS470_5.2.compiler.inputType__C_SRCS"/>
								<inputType id="com.ti.ccstudio.buildDefinitions.TMS470_5.2.compiler.inputType__CPP_SRCS.1707559591" name="C++ Sources" superClass="com.ti.ccstudio.buildDefinitions.TMS470_5.2.compiler.inputType__CPP_SRCS"/>
								<inputType id="com.ti.ccstudio.buildDefinitions.TMS470_5.2.compiler.inputType__ASM_SRCS.389338619" name="Assembly Sources" superClass="com.ti.ccstudio.buildDefinitions.TMS470_5.2.compiler.inputType__ASM_SRCS"/>
								<inputType id="com.ti.ccstudio.buildDefinitions.TMS470_5.2.compiler.inputType__ASM2_SRCS.1702781897" name="Assembly Sources" superClass="com.ti.ccstudio.buildDefinitions.TMS470_5.2.compiler.inputType__ASM2_SRCS"/>
							</tool>
							<tool id="com.ti.ccstudio.buildDefinitions.TMS470_5.2.library.librarianDebug.840863898" name="ARM Archiver" superClass="com.ti.ccstudio.buildDefinitions.TMS470_5.2.library.librarianDebug">
								<option id="com.ti.ccstudio.buildDefinitions.TMS470_5.2.archiverID.OUTPUT_FILE.308039594" superClass="com.ti.ccstudio.buildDefinitions.TMS470_5.2.archiverID.OUTPUT_FILE" value="&quot;${ProjName}.lib&quot;" valueType="string"/>
							</tool>
						</toolChain>
					</folderInfo>
				</configuration>
			</storageModule>
			<storageModule moduleId="org.eclipse.cdt.core.externalSettings"/>
		</cconfiguration>
		<cconfiguration id="com.ti.ccstudio.buildDefinitions.TMS470.Release.1147094528">
			<storageModule buildSystemId="org.eclipse.cdt.managedbuilder.core.configurationDataProvider" id="com.ti.ccstudio.buildDefinitions.TMS470.Release.1147094528" moduleId="org.eclipse.cdt.core.settings" name="Release">
				<macros>
					<stringMacro name="SW_ROOT" type="VALUE_PATH_DIR" value="${PROJECT_ROOT}/../.."/>
				</macros>
				<externalSettings/>
				<extensions>
					<extension id="com.ti.ccstudio.binaryparser.CoffParser" point="org.eclipse.cdt.core.BinaryParser"/>
					<extension id="com.ti.ccstudio.errorparser.CoffErrorParser" point="org.eclipse.cdt.core.ErrorParser"/>
					<extension id="com.ti.ccstudio.errorparser.LinkErrorParser" point="org.eclipse.cdt.core.ErrorParser"/>
					<extension id="com.ti.ccstudio.errorparser.AsmErrorParser" point="org.eclipse.cdt.core.ErrorParser"/>
				</extensions>
			</storageModule>
			<storageModule moduleId="cdtBuildSystem" version="4.0.0">
				<configuration artifactExtension="lib" artifactName="${ProjName}" buildProperties="" cleanCommand="${CG_CLEAN_CMD}" description="" id="com.ti.ccstudio.buildDefinitions.TMS470.Release.1147094528" name="Release" parent="com.ti.ccstudio.buildDefinitions.TMS470.Release" postbuildStep="" prebuildStep="">
					<folderInfo id="com.ti.ccstudio.buildDefinitions.TMS470.Release.1147094528." name="/" resourcePath="">
						<toolChain id="com.ti.ccstudio.buildDefinitions.TMS470_5.2.library.ReleaseToolchain.1600921137" name="TI Build Tools" superClass="com.ti.ccstudio.buildDefinitions.TMS470_5.2.library.ReleaseToolchain" targetTool="com.ti.ccstudio.buildDefinitions.TMS470_5.2.library.librarianRelease.1733835997">
							<option id="com.ti.ccstudio.buildDefinitions.core.OPT_TAGS.1039779561" superClass="com.ti.ccstudio.buildDefinitions.core.OPT_TAGS" valueType="stringList">
								<listOptionValue builtIn="false" value="DEVICE_CONFIGURATION_ID=Cortex M.TM4C1230C3PM"/>
								<listOptionValue builtIn="false" value="DEVICE_ENDIANNESS=little"/>
								<listOptionValue builtIn="false" value="OUTPUT_FORMAT=ELF"/>
								<listOptionValue builtIn="false" value="CCS_MBS_VERSION=5.5.0"/>
								<listOptionValue builtIn="false" value="OUTPUT_TYPE=staticLibrary"/>
							</option>
							<option id="com.ti.ccstudio.buildDefinitions.core.OPT_CODEGEN_VERSION.377539797" superClass="com.ti.ccstudio.buildDefinitions.core.OPT_CODEGEN_VERSION" value="5.2.6" valueType="string"/>
							<targetPlatform id="com.ti.ccstudio.buildDefinitions.TMS470_5.2.library.targetPlatformRelease.926072005" name="Platform" superClass="com.ti.ccstudio.buildDefinitions.TMS470_5.2.library.targetPlatformRelease"/>
							<builder buildPath="${BuildDirectory}" id="com.ti.ccstudio.buildDefinitions.TMS470_5.2.library.builderRelease.426122207" name="GNU Make.Release" superClass="com.ti.ccstudio.buildDefinitions.TMS470_5.2.library.builderRelease"/>
							<tool id="com.ti.ccstudio.buildDefinitions.TMS470_5.2.library.compilerRelease.807515775" name="ARM Compiler" superClass="com.ti.ccstudio.buildDefinitions.TMS470_5.2.library.compilerRelease">
								<option id="com.ti.ccstudio.buildDefinitions.TMS470_5.2.compilerID.SILICON_VERSION.152973868" superClass="com.ti.ccstudio.buildDefinitions.TMS470_5.2.compilerID.SILICON_VERSION" value="com.ti.ccstudio.buildDefinitions.TMS470_5.2.compilerID.SILICON_VERSION.7M4" valueType="enumerated"/>
								<option id="com.ti.ccstudio.buildDefinitions.TMS470_5.2.compilerID.CODE_STATE.2041302230" superClass="com.ti.ccstudio.buildDefinitions.TMS470_5.2.compilerID.CODE_STATE" value="com.ti.ccstudio.buildDefinitions.TMS470_5.2.compilerID.CODE_STATE.16" valueType="enumerated"/>
								<option id="com.ti.ccstudio.buildDefinitions.TMS470_5.2.compilerID.ABI.1356687106" superClass="com.ti.ccstudio.buildDefinitions.TMS470_5.2.compilerID.ABI" value="com.ti.ccstudio.buildDefinitions.TMS470_5.2.compilerID.ABI.eabi" valueType="enumerated"/>
								<option id="com.ti.ccstudio.buildDefinitions.TMS470_5.2.compilerID.FLOAT_SUPPORT.647215386" superClass="com.ti.ccstudio.buildDefinitions.TMS470_5.2.compilerID.FLOAT_SUPPORT" value="com.ti.ccstudio.buildDefinitions.TMS470_5.2.compilerID.FLOAT_SUPPORT.FPv4SPD16" valueType="enumerated"/>
								<option id="com.ti.ccstudio.buildDefinitions.TMS470_5.2.compilerID.GCC.1426938297" superClass="com.ti.ccstudio.buildDefinitions.TMS470_5.2.compilerID.GCC" value="true" valueType="boolean"/>
								<option id="com.ti.ccstudio.buildDefinitions.TMS470_5.2.compilerID.DEFINE.945925571" superClass="com.ti.ccstudio.buildDefinitions.TMS470_5.2.compilerID.DEFINE" valueType="definedSymbols">
									<listOptionValue builtIn="false" value="ccs=&quot;ccs&quot;"/>
									<listOptionValue builtIn="false" value="PART_TM4C1230C3PM"/>
								</option>
								<option id="com.ti.ccstudio.buildDefinitions.TMS470_5.2.compilerID.ADVICE__POWER.1901130649" superClass="com.ti.ccstudio.buildDefinitions.TMS470_5.2.compilerID.ADVICE__POWER" value="all" valueType="string"/>
								<option id="com.ti.ccstudio.buildDefinitions.TMS470_5.2.compilerID.DIAG_WARNING.969033803" superClass="com.ti.ccstudio.buildDefinitions.TMS470_5.2.compilerID.DIAG_WARNING" valueType="stringList">
									<listOptionValue builtIn="false" value="225"/>
								</option>
								<option id="com.ti.ccstudio.buildDefinitions.TMS470_5.2.compilerID.DISPLAY_ERROR_NUMBER.1607498241" superClass="com.ti.ccstudio.buildDefinitions.TMS470_5.2.compilerID.DISPLAY_ERROR_NUMBER" value="true" valueType="boolean"/>
								<option id="com.ti.ccstudio.buildDefinitions.TMS470_5.2.compilerID.DIAG_WRAP.617214240" superClass="com.ti.ccstudio.buildDefinitions.TMS470_5.2.compilerID.DIAG_WRAP" value="com.ti.ccstudio.buildDefinitions.TMS470_5.2.compilerID.DIAG_WRAP.off" valueType="enumerated"/>
								<option id="com.ti.ccstudio.buildDefinitions.TMS470_5.2.compilerID.INCLUDE_PATH.1101931872" superClass="com.ti.ccstudio.buildDefinitions.TMS470_5.2.compilerID.INCLUDE_PATH" valueType="includePath">
									<listOptionValue builtIn="false" value="&quot;${CG_TOOL_ROOT}/include&quot;"/>
									<listOptionValue builtIn="false" value="&quot;${SW_ROOT}&quot;"/>
								</option>
								<option id="com.ti.ccstudio.buildDefinitions.TMS470_5.2.compilerID.LITTLE_ENDIAN.1706714763" superClass="com.ti.ccstudio.buildDefinitions.TMS470_5.2.compilerID.LITTLE_ENDIAN" value="true" valueType="boolean"/>
								<option id="com.ti.ccstudio.buildDefinitions.TMS470_5.2.compilerID.GEN_FUNC_SUBSECTIONS.680579105" superClass="com.ti.ccstudio.buildDefinitions.TMS470_5.2.compilerID.GEN_FUNC_SUBSECTIONS" value="com.ti.ccstudio.buildDefinitions.TMS470_5.2.compilerID.GEN_FUNC_SUBSECTIONS.on" valueType="enumerated"/>
								<option id="com.ti.ccstudio.buildDefinitions.TMS470_5.2.compilerID.UAL.2002989717" superClass="com.ti.ccstudio.buildDefinitions.TMS470_5.2.compilerID.UAL" value="true" valueType="boolean"/>
								<inputType id="com.ti.ccstudio.buildDefinitions.TMS470_5.2.compiler.inputType__C_SRCS.438183656" name="C Sources" superClass="com.ti.ccstudio.buildDefinitions.TMS470_5.2.compiler.inputType__C_SRCS"/>
								<inputType id="com.ti.ccstudio.buildDefinitions.TMS470_5.2.compiler.inputType__CPP_SRCS.875386775" name="C++ Sources" superClass="com.ti.ccstudio.buildDefinitions.TMS470_5.2.compiler.inputType__CPP_SRCS"/>
								<inputType id="com.ti.ccstudio.buildDefinitions.TMS470_5.2.compiler.inputType__ASM_SRCS.87191398" name="Assembly Sources" superClass="com.ti.ccstudio.buildDefinitions.TMS470_5.2.compiler.inputType__ASM_SRCS"/>
								<inputType id="com.ti.ccstudio.buildDefinitions.TMS470_5.2.compiler.inputType__ASM2_SRCS.1727453496" name="Assembly Sources" superClass="com.ti.ccstudio.buildDefinitions.TMS470_5.2.compiler.inputType__ASM2_SRCS"/>
							</tool>
							<tool id="com.ti.ccstudio.buildDefinitions.TMS470_5.2.library.librarianRelease.1733835997" name="ARM Archiver" superClass="com.ti.ccstudio.buildDefinitions.TMS470_5.2.library.librarianRelease">
								<option id="com.ti.ccstudio.buildDefinitions.TMS470_5.2.archiverID.OUTPUT_FILE.1031439932" superClass="com.ti.ccstudio.buildDefinitions.TMS470_5.2.archiverID.OUTPUT_FILE" value="&quot;${ProjName}.lib&quot;" valueType="string"/>
							</tool>
						</toolChain>
					</folderInfo>
				</configuration>
			</storageModule>
			<storageModule moduleId="org.eclipse.cdt.core.externalSettings"/>
		</cconfiguration>
	</storageModule>
	<storageModule moduleId="org.eclipse.cdt.core.LanguageSettingsProviders"/>
	<storageModule moduleId="cdtBuildSystem" version="4.0.0">
		<project id="driverlib.com.ti.ccstudio.buildDefinitions.TMS470.ProjectType.1159852020" name="ARM" projectType="com.ti.ccstudio.buildDefinitions.TMS470.ProjectType"/>
	</storageModule>
	<storageModule moduleId="scannerConfiguration"/>
	<storageModule moduleId="org.eclipse.cdt.core.language.mapping">
		<project-mappings>
			<content-type-mapping configuration="" content-type="org.eclipse.cdt.core.asmSource" language="com.ti.ccstudio.core.TIASMLanguage"/>
			<content-type-mapping configuration="" content-type="org.eclipse.cdt.core.cHeader" language="com.ti.ccstudio.core.TIGCCLanguage"/>
			<content-type-mapping configuration="" content-type="org.eclipse.cdt.core.cSource" language="com.ti.ccstudio.core.TIGCCLanguage"/>
			<content-type-mapping configuration="" content-type="org.eclipse.cdt.core.cxxHeader" language="com.ti.ccstudio.core.TIGPPLanguage"/>
			<content-type-mapping configuration="" content-type="org.eclipse.cdt.core.cxxSource" language="com.ti.ccstudio.core.TIGPPLanguage"/>
		</project-mappings>
	</storageModule>
</cproject>
