<?xml version="1.0" encoding="UTF-8"?>
<projectDescription>
	<name>grlib</name>
	<comment></comment>
	<projects>
	</projects>
	<buildSpec>
		<buildCommand>
			<name>org.eclipse.cdt.managedbuilder.core.genmakebuilder</name>
			<arguments>
			</arguments>
		</buildCommand>
		<buildCommand>
			<name>org.eclipse.cdt.managedbuilder.core.ScannerConfigBuilder</name>
			<triggers>full,incremental,</triggers>
			<arguments>
			</arguments>
		</buildCommand>
	</buildSpec>
	<natures>
		<nature>com.ti.ccstudio.core.ccsNature</nature>
		<nature>org.eclipse.cdt.core.cnature</nature>
		<nature>org.eclipse.cdt.managedbuilder.core.managedBuildNature</nature>
		<nature>org.eclipse.cdt.core.ccnature</nature>
		<nature>org.eclipse.cdt.managedbuilder.core.ScannerConfigNature</nature>
	</natures>
	<linkedResources>
		<link>
			<name>canvas.c</name>
			<type>1</type>
			<locationURI>SW_ROOT/grlib/canvas.c</locationURI>
		</link>
		<link>
			<name>charmap.c</name>
			<type>1</type>
			<locationURI>SW_ROOT/grlib/charmap.c</locationURI>
		</link>
		<link>
			<name>checkbox.c</name>
			<type>1</type>
			<locationURI>SW_ROOT/grlib/checkbox.c</locationURI>
		</link>
		<link>
			<name>circle.c</name>
			<type>1</type>
			<locationURI>SW_ROOT/grlib/circle.c</locationURI>
		</link>
		<link>
			<name>container.c</name>
			<type>1</type>
			<locationURI>SW_ROOT/grlib/container.c</locationURI>
		</link>
		<link>
			<name>context.c</name>
			<type>1</type>
			<locationURI>SW_ROOT/grlib/context.c</locationURI>
		</link>
		<link>
			<name>image.c</name>
			<type>1</type>
			<locationURI>SW_ROOT/grlib/image.c</locationURI>
		</link>
		<link>
			<name>imgbutton.c</name>
			<type>1</type>
			<locationURI>SW_ROOT/grlib/imgbutton.c</locationURI>
		</link>
		<link>
			<name>keyboard.c</name>
			<type>1</type>
			<locationURI>SW_ROOT/grlib/keyboard.c</locationURI>
		</link>
		<link>
			<name>line.c</name>
			<type>1</type>
			<locationURI>SW_ROOT/grlib/line.c</locationURI>
		</link>
		<link>
			<name>listbox.c</name>
			<type>1</type>
			<locationURI>SW_ROOT/grlib/listbox.c</locationURI>
		</link>
		<link>
			<name>offscr1bpp.c</name>
			<type>1</type>
			<locationURI>SW_ROOT/grlib/offscr1bpp.c</locationURI>
		</link>
		<link>
			<name>offscr4bpp.c</name>
			<type>1</type>
			<locationURI>SW_ROOT/grlib/offscr4bpp.c</locationURI>
		</link>
		<link>
			<name>offscr8bpp.c</name>
			<type>1</type>
			<locationURI>SW_ROOT/grlib/offscr8bpp.c</locationURI>
		</link>
		<link>
			<name>pushbutton.c</name>
			<type>1</type>
			<locationURI>SW_ROOT/grlib/pushbutton.c</locationURI>
		</link>
		<link>
			<name>radiobutton.c</name>
			<type>1</type>
			<locationURI>SW_ROOT/grlib/radiobutton.c</locationURI>
		</link>
		<link>
			<name>rectangle.c</name>
			<type>1</type>
			<locationURI>SW_ROOT/grlib/rectangle.c</locationURI>
		</link>
		<link>
			<name>slider.c</name>
			<type>1</type>
			<locationURI>SW_ROOT/grlib/slider.c</locationURI>
		</link>
		<link>
			<name>string.c</name>
			<type>1</type>
			<locationURI>SW_ROOT/grlib/string.c</locationURI>
		</link>
		<link>
			<name>widget.c</name>
			<type>1</type>
			<locationURI>SW_ROOT/grlib/widget.c</locationURI>
		</link>
		<link>
			<name>fonts/fontcm12.c</name>
			<type>1</type>
			<locationURI>SW_ROOT/grlib/fonts/fontcm12.c</locationURI>
		</link>
		<link>
			<name>fonts/fontcm12b.c</name>
			<type>1</type>
			<locationURI>SW_ROOT/grlib/fonts/fontcm12b.c</locationURI>
		</link>
		<link>
			<name>fonts/fontcm12i.c</name>
			<type>1</type>
			<locationURI>SW_ROOT/grlib/fonts/fontcm12i.c</locationURI>
		</link>
		<link>
			<name>fonts/fontcm14.c</name>
			<type>1</type>
			<locationURI>SW_ROOT/grlib/fonts/fontcm14.c</locationURI>
		</link>
		<link>
			<name>fonts/fontcm14b.c</name>
			<type>1</type>
			<locationURI>SW_ROOT/grlib/fonts/fontcm14b.c</locationURI>
		</link>
		<link>
			<name>fonts/fontcm14i.c</name>
			<type>1</type>
			<locationURI>SW_ROOT/grlib/fonts/fontcm14i.c</locationURI>
		</link>
		<link>
			<name>fonts/fontcm16.c</name>
			<type>1</type>
			<locationURI>SW_ROOT/grlib/fonts/fontcm16.c</locationURI>
		</link>
		<link>
			<name>fonts/fontcm16b.c</name>
			<type>1</type>
			<locationURI>SW_ROOT/grlib/fonts/fontcm16b.c</locationURI>
		</link>
		<link>
			<name>fonts/fontcm16i.c</name>
			<type>1</type>
			<locationURI>SW_ROOT/grlib/fonts/fontcm16i.c</locationURI>
		</link>
		<link>
			<name>fonts/fontcm18.c</name>
			<type>1</type>
			<locationURI>SW_ROOT/grlib/fonts/fontcm18.c</locationURI>
		</link>
		<link>
			<name>fonts/fontcm18b.c</name>
			<type>1</type>
			<locationURI>SW_ROOT/grlib/fonts/fontcm18b.c</locationURI>
		</link>
		<link>
			<name>fonts/fontcm18i.c</name>
			<type>1</type>
			<locationURI>SW_ROOT/grlib/fonts/fontcm18i.c</locationURI>
		</link>
		<link>
			<name>fonts/fontcm20.c</name>
			<type>1</type>
			<locationURI>SW_ROOT/grlib/fonts/fontcm20.c</locationURI>
		</link>
		<link>
			<name>fonts/fontcm20b.c</name>
			<type>1</type>
			<locationURI>SW_ROOT/grlib/fonts/fontcm20b.c</locationURI>
		</link>
		<link>
			<name>fonts/fontcm20i.c</name>
			<type>1</type>
			<locationURI>SW_ROOT/grlib/fonts/fontcm20i.c</locationURI>
		</link>
		<link>
			<name>fonts/fontcm22.c</name>
			<type>1</type>
			<locationURI>SW_ROOT/grlib/fonts/fontcm22.c</locationURI>
		</link>
		<link>
			<name>fonts/fontcm22b.c</name>
			<type>1</type>
			<locationURI>SW_ROOT/grlib/fonts/fontcm22b.c</locationURI>
		</link>
		<link>
			<name>fonts/fontcm22i.c</name>
			<type>1</type>
			<locationURI>SW_ROOT/grlib/fonts/fontcm22i.c</locationURI>
		</link>
		<link>
			<name>fonts/fontcm24.c</name>
			<type>1</type>
			<locationURI>SW_ROOT/grlib/fonts/fontcm24.c</locationURI>
		</link>
		<link>
			<name>fonts/fontcm24b.c</name>
			<type>1</type>
			<locationURI>SW_ROOT/grlib/fonts/fontcm24b.c</locationURI>
		</link>
		<link>
			<name>fonts/fontcm24i.c</name>
			<type>1</type>
			<locationURI>SW_ROOT/grlib/fonts/fontcm24i.c</locationURI>
		</link>
		<link>
			<name>fonts/fontcm26.c</name>
			<type>1</type>
			<locationURI>SW_ROOT/grlib/fonts/fontcm26.c</locationURI>
		</link>
		<link>
			<name>fonts/fontcm26b.c</name>
			<type>1</type>
			<locationURI>SW_ROOT/grlib/fonts/fontcm26b.c</locationURI>
		</link>
		<link>
			<name>fonts/fontcm26i.c</name>
			<type>1</type>
			<locationURI>SW_ROOT/grlib/fonts/fontcm26i.c</locationURI>
		</link>
		<link>
			<name>fonts/fontcm28.c</name>
			<type>1</type>
			<locationURI>SW_ROOT/grlib/fonts/fontcm28.c</locationURI>
		</link>
		<link>
			<name>fonts/fontcm28b.c</name>
			<type>1</type>
			<locationURI>SW_ROOT/grlib/fonts/fontcm28b.c</locationURI>
		</link>
		<link>
			<name>fonts/fontcm28i.c</name>
			<type>1</type>
			<locationURI>SW_ROOT/grlib/fonts/fontcm28i.c</locationURI>
		</link>
		<link>
			<name>fonts/fontcm30.c</name>
			<type>1</type>
			<locationURI>SW_ROOT/grlib/fonts/fontcm30.c</locationURI>
		</link>
		<link>
			<name>fonts/fontcm30b.c</name>
			<type>1</type>
			<locationURI>SW_ROOT/grlib/fonts/fontcm30b.c</locationURI>
		</link>
		<link>
			<name>fonts/fontcm30i.c</name>
			<type>1</type>
			<locationURI>SW_ROOT/grlib/fonts/fontcm30i.c</locationURI>
		</link>
		<link>
			<name>fonts/fontcm32.c</name>
			<type>1</type>
			<locationURI>SW_ROOT/grlib/fonts/fontcm32.c</locationURI>
		</link>
		<link>
			<name>fonts/fontcm32b.c</name>
			<type>1</type>
			<locationURI>SW_ROOT/grlib/fonts/fontcm32b.c</locationURI>
		</link>
		<link>
			<name>fonts/fontcm32i.c</name>
			<type>1</type>
			<locationURI>SW_ROOT/grlib/fonts/fontcm32i.c</locationURI>
		</link>
		<link>
			<name>fonts/fontcm34.c</name>
			<type>1</type>
			<locationURI>SW_ROOT/grlib/fonts/fontcm34.c</locationURI>
		</link>
		<link>
			<name>fonts/fontcm34b.c</name>
			<type>1</type>
			<locationURI>SW_ROOT/grlib/fonts/fontcm34b.c</locationURI>
		</link>
		<link>
			<name>fonts/fontcm34i.c</name>
			<type>1</type>
			<locationURI>SW_ROOT/grlib/fonts/fontcm34i.c</locationURI>
		</link>
		<link>
			<name>fonts/fontcm36.c</name>
			<type>1</type>
			<locationURI>SW_ROOT/grlib/fonts/fontcm36.c</locationURI>
		</link>
		<link>
			<name>fonts/fontcm36b.c</name>
			<type>1</type>
			<locationURI>SW_ROOT/grlib/fonts/fontcm36b.c</locationURI>
		</link>
		<link>
			<name>fonts/fontcm36i.c</name>
			<type>1</type>
			<locationURI>SW_ROOT/grlib/fonts/fontcm36i.c</locationURI>
		</link>
		<link>
			<name>fonts/fontcm38.c</name>
			<type>1</type>
			<locationURI>SW_ROOT/grlib/fonts/fontcm38.c</locationURI>
		</link>
		<link>
			<name>fonts/fontcm38b.c</name>
			<type>1</type>
			<locationURI>SW_ROOT/grlib/fonts/fontcm38b.c</locationURI>
		</link>
		<link>
			<name>fonts/fontcm38i.c</name>
			<type>1</type>
			<locationURI>SW_ROOT/grlib/fonts/fontcm38i.c</locationURI>
		</link>
		<link>
			<name>fonts/fontcm40.c</name>
			<type>1</type>
			<locationURI>SW_ROOT/grlib/fonts/fontcm40.c</locationURI>
		</link>
		<link>
			<name>fonts/fontcm40b.c</name>
			<type>1</type>
			<locationURI>SW_ROOT/grlib/fonts/fontcm40b.c</locationURI>
		</link>
		<link>
			<name>fonts/fontcm40i.c</name>
			<type>1</type>
			<locationURI>SW_ROOT/grlib/fonts/fontcm40i.c</locationURI>
		</link>
		<link>
			<name>fonts/fontcm42.c</name>
			<type>1</type>
			<locationURI>SW_ROOT/grlib/fonts/fontcm42.c</locationURI>
		</link>
		<link>
			<name>fonts/fontcm42b.c</name>
			<type>1</type>
			<locationURI>SW_ROOT/grlib/fonts/fontcm42b.c</locationURI>
		</link>
		<link>
			<name>fonts/fontcm42i.c</name>
			<type>1</type>
			<locationURI>SW_ROOT/grlib/fonts/fontcm42i.c</locationURI>
		</link>
		<link>
			<name>fonts/fontcm44.c</name>
			<type>1</type>
			<locationURI>SW_ROOT/grlib/fonts/fontcm44.c</locationURI>
		</link>
		<link>
			<name>fonts/fontcm44b.c</name>
			<type>1</type>
			<locationURI>SW_ROOT/grlib/fonts/fontcm44b.c</locationURI>
		</link>
		<link>
			<name>fonts/fontcm44i.c</name>
			<type>1</type>
			<locationURI>SW_ROOT/grlib/fonts/fontcm44i.c</locationURI>
		</link>
		<link>
			<name>fonts/fontcm46.c</name>
			<type>1</type>
			<locationURI>SW_ROOT/grlib/fonts/fontcm46.c</locationURI>
		</link>
		<link>
			<name>fonts/fontcm46b.c</name>
			<type>1</type>
			<locationURI>SW_ROOT/grlib/fonts/fontcm46b.c</locationURI>
		</link>
		<link>
			<name>fonts/fontcm46i.c</name>
			<type>1</type>
			<locationURI>SW_ROOT/grlib/fonts/fontcm46i.c</locationURI>
		</link>
		<link>
			<name>fonts/fontcm48.c</name>
			<type>1</type>
			<locationURI>SW_ROOT/grlib/fonts/fontcm48.c</locationURI>
		</link>
		<link>
			<name>fonts/fontcm48b.c</name>
			<type>1</type>
			<locationURI>SW_ROOT/grlib/fonts/fontcm48b.c</locationURI>
		</link>
		<link>
			<name>fonts/fontcm48i.c</name>
			<type>1</type>
			<locationURI>SW_ROOT/grlib/fonts/fontcm48i.c</locationURI>
		</link>
		<link>
			<name>fonts/fontcmsc12.c</name>
			<type>1</type>
			<locationURI>SW_ROOT/grlib/fonts/fontcmsc12.c</locationURI>
		</link>
		<link>
			<name>fonts/fontcmsc14.c</name>
			<type>1</type>
			<locationURI>SW_ROOT/grlib/fonts/fontcmsc14.c</locationURI>
		</link>
		<link>
			<name>fonts/fontcmsc16.c</name>
			<type>1</type>
			<locationURI>SW_ROOT/grlib/fonts/fontcmsc16.c</locationURI>
		</link>
		<link>
			<name>fonts/fontcmsc18.c</name>
			<type>1</type>
			<locationURI>SW_ROOT/grlib/fonts/fontcmsc18.c</locationURI>
		</link>
		<link>
			<name>fonts/fontcmsc20.c</name>
			<type>1</type>
			<locationURI>SW_ROOT/grlib/fonts/fontcmsc20.c</locationURI>
		</link>
		<link>
			<name>fonts/fontcmsc22.c</name>
			<type>1</type>
			<locationURI>SW_ROOT/grlib/fonts/fontcmsc22.c</locationURI>
		</link>
		<link>
			<name>fonts/fontcmsc24.c</name>
			<type>1</type>
			<locationURI>SW_ROOT/grlib/fonts/fontcmsc24.c</locationURI>
		</link>
		<link>
			<name>fonts/fontcmsc26.c</name>
			<type>1</type>
			<locationURI>SW_ROOT/grlib/fonts/fontcmsc26.c</locationURI>
		</link>
		<link>
			<name>fonts/fontcmsc28.c</name>
			<type>1</type>
			<locationURI>SW_ROOT/grlib/fonts/fontcmsc28.c</locationURI>
		</link>
		<link>
			<name>fonts/fontcmsc30.c</name>
			<type>1</type>
			<locationURI>SW_ROOT/grlib/fonts/fontcmsc30.c</locationURI>
		</link>
		<link>
			<name>fonts/fontcmsc32.c</name>
			<type>1</type>
			<locationURI>SW_ROOT/grlib/fonts/fontcmsc32.c</locationURI>
		</link>
		<link>
			<name>fonts/fontcmsc34.c</name>
			<type>1</type>
			<locationURI>SW_ROOT/grlib/fonts/fontcmsc34.c</locationURI>
		</link>
		<link>
			<name>fonts/fontcmsc36.c</name>
			<type>1</type>
			<locationURI>SW_ROOT/grlib/fonts/fontcmsc36.c</locationURI>
		</link>
		<link>
			<name>fonts/fontcmsc38.c</name>
			<type>1</type>
			<locationURI>SW_ROOT/grlib/fonts/fontcmsc38.c</locationURI>
		</link>
		<link>
			<name>fonts/fontcmsc40.c</name>
			<type>1</type>
			<locationURI>SW_ROOT/grlib/fonts/fontcmsc40.c</locationURI>
		</link>
		<link>
			<name>fonts/fontcmsc42.c</name>
			<type>1</type>
			<locationURI>SW_ROOT/grlib/fonts/fontcmsc42.c</locationURI>
		</link>
		<link>
			<name>fonts/fontcmsc44.c</name>
			<type>1</type>
			<locationURI>SW_ROOT/grlib/fonts/fontcmsc44.c</locationURI>
		</link>
		<link>
			<name>fonts/fontcmsc46.c</name>
			<type>1</type>
			<locationURI>SW_ROOT/grlib/fonts/fontcmsc46.c</locationURI>
		</link>
		<link>
			<name>fonts/fontcmsc48.c</name>
			<type>1</type>
			<locationURI>SW_ROOT/grlib/fonts/fontcmsc48.c</locationURI>
		</link>
		<link>
			<name>fonts/fontcmss12.c</name>
			<type>1</type>
			<locationURI>SW_ROOT/grlib/fonts/fontcmss12.c</locationURI>
		</link>
		<link>
			<name>fonts/fontcmss12b.c</name>
			<type>1</type>
			<locationURI>SW_ROOT/grlib/fonts/fontcmss12b.c</locationURI>
		</link>
		<link>
			<name>fonts/fontcmss12i.c</name>
			<type>1</type>
			<locationURI>SW_ROOT/grlib/fonts/fontcmss12i.c</locationURI>
		</link>
		<link>
			<name>fonts/fontcmss14.c</name>
			<type>1</type>
			<locationURI>SW_ROOT/grlib/fonts/fontcmss14.c</locationURI>
		</link>
		<link>
			<name>fonts/fontcmss14b.c</name>
			<type>1</type>
			<locationURI>SW_ROOT/grlib/fonts/fontcmss14b.c</locationURI>
		</link>
		<link>
			<name>fonts/fontcmss14i.c</name>
			<type>1</type>
			<locationURI>SW_ROOT/grlib/fonts/fontcmss14i.c</locationURI>
		</link>
		<link>
			<name>fonts/fontcmss16.c</name>
			<type>1</type>
			<locationURI>SW_ROOT/grlib/fonts/fontcmss16.c</locationURI>
		</link>
		<link>
			<name>fonts/fontcmss16b.c</name>
			<type>1</type>
			<locationURI>SW_ROOT/grlib/fonts/fontcmss16b.c</locationURI>
		</link>
		<link>
			<name>fonts/fontcmss16i.c</name>
			<type>1</type>
			<locationURI>SW_ROOT/grlib/fonts/fontcmss16i.c</locationURI>
		</link>
		<link>
			<name>fonts/fontcmss18.c</name>
			<type>1</type>
			<locationURI>SW_ROOT/grlib/fonts/fontcmss18.c</locationURI>
		</link>
		<link>
			<name>fonts/fontcmss18b.c</name>
			<type>1</type>
			<locationURI>SW_ROOT/grlib/fonts/fontcmss18b.c</locationURI>
		</link>
		<link>
			<name>fonts/fontcmss18i.c</name>
			<type>1</type>
			<locationURI>SW_ROOT/grlib/fonts/fontcmss18i.c</locationURI>
		</link>
		<link>
			<name>fonts/fontcmss20.c</name>
			<type>1</type>
			<locationURI>SW_ROOT/grlib/fonts/fontcmss20.c</locationURI>
		</link>
		<link>
			<name>fonts/fontcmss20b.c</name>
			<type>1</type>
			<locationURI>SW_ROOT/grlib/fonts/fontcmss20b.c</locationURI>
		</link>
		<link>
			<name>fonts/fontcmss20i.c</name>
			<type>1</type>
			<locationURI>SW_ROOT/grlib/fonts/fontcmss20i.c</locationURI>
		</link>
		<link>
			<name>fonts/fontcmss22.c</name>
			<type>1</type>
			<locationURI>SW_ROOT/grlib/fonts/fontcmss22.c</locationURI>
		</link>
		<link>
			<name>fonts/fontcmss22b.c</name>
			<type>1</type>
			<locationURI>SW_ROOT/grlib/fonts/fontcmss22b.c</locationURI>
		</link>
		<link>
			<name>fonts/fontcmss22i.c</name>
			<type>1</type>
			<locationURI>SW_ROOT/grlib/fonts/fontcmss22i.c</locationURI>
		</link>
		<link>
			<name>fonts/fontcmss24.c</name>
			<type>1</type>
			<locationURI>SW_ROOT/grlib/fonts/fontcmss24.c</locationURI>
		</link>
		<link>
			<name>fonts/fontcmss24b.c</name>
			<type>1</type>
			<locationURI>SW_ROOT/grlib/fonts/fontcmss24b.c</locationURI>
		</link>
		<link>
			<name>fonts/fontcmss24i.c</name>
			<type>1</type>
			<locationURI>SW_ROOT/grlib/fonts/fontcmss24i.c</locationURI>
		</link>
		<link>
			<name>fonts/fontcmss26.c</name>
			<type>1</type>
			<locationURI>SW_ROOT/grlib/fonts/fontcmss26.c</locationURI>
		</link>
		<link>
			<name>fonts/fontcmss26b.c</name>
			<type>1</type>
			<locationURI>SW_ROOT/grlib/fonts/fontcmss26b.c</locationURI>
		</link>
		<link>
			<name>fonts/fontcmss26i.c</name>
			<type>1</type>
			<locationURI>SW_ROOT/grlib/fonts/fontcmss26i.c</locationURI>
		</link>
		<link>
			<name>fonts/fontcmss28.c</name>
			<type>1</type>
			<locationURI>SW_ROOT/grlib/fonts/fontcmss28.c</locationURI>
		</link>
		<link>
			<name>fonts/fontcmss28b.c</name>
			<type>1</type>
			<locationURI>SW_ROOT/grlib/fonts/fontcmss28b.c</locationURI>
		</link>
		<link>
			<name>fonts/fontcmss28i.c</name>
			<type>1</type>
			<locationURI>SW_ROOT/grlib/fonts/fontcmss28i.c</locationURI>
		</link>
		<link>
			<name>fonts/fontcmss30.c</name>
			<type>1</type>
			<locationURI>SW_ROOT/grlib/fonts/fontcmss30.c</locationURI>
		</link>
		<link>
			<name>fonts/fontcmss30b.c</name>
			<type>1</type>
			<locationURI>SW_ROOT/grlib/fonts/fontcmss30b.c</locationURI>
		</link>
		<link>
			<name>fonts/fontcmss30i.c</name>
			<type>1</type>
			<locationURI>SW_ROOT/grlib/fonts/fontcmss30i.c</locationURI>
		</link>
		<link>
			<name>fonts/fontcmss32.c</name>
			<type>1</type>
			<locationURI>SW_ROOT/grlib/fonts/fontcmss32.c</locationURI>
		</link>
		<link>
			<name>fonts/fontcmss32b.c</name>
			<type>1</type>
			<locationURI>SW_ROOT/grlib/fonts/fontcmss32b.c</locationURI>
		</link>
		<link>
			<name>fonts/fontcmss32i.c</name>
			<type>1</type>
			<locationURI>SW_ROOT/grlib/fonts/fontcmss32i.c</locationURI>
		</link>
		<link>
			<name>fonts/fontcmss34.c</name>
			<type>1</type>
			<locationURI>SW_ROOT/grlib/fonts/fontcmss34.c</locationURI>
		</link>
		<link>
			<name>fonts/fontcmss34b.c</name>
			<type>1</type>
			<locationURI>SW_ROOT/grlib/fonts/fontcmss34b.c</locationURI>
		</link>
		<link>
			<name>fonts/fontcmss34i.c</name>
			<type>1</type>
			<locationURI>SW_ROOT/grlib/fonts/fontcmss34i.c</locationURI>
		</link>
		<link>
			<name>fonts/fontcmss36.c</name>
			<type>1</type>
			<locationURI>SW_ROOT/grlib/fonts/fontcmss36.c</locationURI>
		</link>
		<link>
			<name>fonts/fontcmss36b.c</name>
			<type>1</type>
			<locationURI>SW_ROOT/grlib/fonts/fontcmss36b.c</locationURI>
		</link>
		<link>
			<name>fonts/fontcmss36i.c</name>
			<type>1</type>
			<locationURI>SW_ROOT/grlib/fonts/fontcmss36i.c</locationURI>
		</link>
		<link>
			<name>fonts/fontcmss38.c</name>
			<type>1</type>
			<locationURI>SW_ROOT/grlib/fonts/fontcmss38.c</locationURI>
		</link>
		<link>
			<name>fonts/fontcmss38b.c</name>
			<type>1</type>
			<locationURI>SW_ROOT/grlib/fonts/fontcmss38b.c</locationURI>
		</link>
		<link>
			<name>fonts/fontcmss38i.c</name>
			<type>1</type>
			<locationURI>SW_ROOT/grlib/fonts/fontcmss38i.c</locationURI>
		</link>
		<link>
			<name>fonts/fontcmss40.c</name>
			<type>1</type>
			<locationURI>SW_ROOT/grlib/fonts/fontcmss40.c</locationURI>
		</link>
		<link>
			<name>fonts/fontcmss40b.c</name>
			<type>1</type>
			<locationURI>SW_ROOT/grlib/fonts/fontcmss40b.c</locationURI>
		</link>
		<link>
			<name>fonts/fontcmss40i.c</name>
			<type>1</type>
			<locationURI>SW_ROOT/grlib/fonts/fontcmss40i.c</locationURI>
		</link>
		<link>
			<name>fonts/fontcmss42.c</name>
			<type>1</type>
			<locationURI>SW_ROOT/grlib/fonts/fontcmss42.c</locationURI>
		</link>
		<link>
			<name>fonts/fontcmss42b.c</name>
			<type>1</type>
			<locationURI>SW_ROOT/grlib/fonts/fontcmss42b.c</locationURI>
		</link>
		<link>
			<name>fonts/fontcmss42i.c</name>
			<type>1</type>
			<locationURI>SW_ROOT/grlib/fonts/fontcmss42i.c</locationURI>
		</link>
		<link>
			<name>fonts/fontcmss44.c</name>
			<type>1</type>
			<locationURI>SW_ROOT/grlib/fonts/fontcmss44.c</locationURI>
		</link>
		<link>
			<name>fonts/fontcmss44b.c</name>
			<type>1</type>
			<locationURI>SW_ROOT/grlib/fonts/fontcmss44b.c</locationURI>
		</link>
		<link>
			<name>fonts/fontcmss44i.c</name>
			<type>1</type>
			<locationURI>SW_ROOT/grlib/fonts/fontcmss44i.c</locationURI>
		</link>
		<link>
			<name>fonts/fontcmss46.c</name>
			<type>1</type>
			<locationURI>SW_ROOT/grlib/fonts/fontcmss46.c</locationURI>
		</link>
		<link>
			<name>fonts/fontcmss46b.c</name>
			<type>1</type>
			<locationURI>SW_ROOT/grlib/fonts/fontcmss46b.c</locationURI>
		</link>
		<link>
			<name>fonts/fontcmss46i.c</name>
			<type>1</type>
			<locationURI>SW_ROOT/grlib/fonts/fontcmss46i.c</locationURI>
		</link>
		<link>
			<name>fonts/fontcmss48.c</name>
			<type>1</type>
			<locationURI>SW_ROOT/grlib/fonts/fontcmss48.c</locationURI>
		</link>
		<link>
			<name>fonts/fontcmss48b.c</name>
			<type>1</type>
			<locationURI>SW_ROOT/grlib/fonts/fontcmss48b.c</locationURI>
		</link>
		<link>
			<name>fonts/fontcmss48i.c</name>
			<type>1</type>
			<locationURI>SW_ROOT/grlib/fonts/fontcmss48i.c</locationURI>
		</link>
		<link>
			<name>fonts/fontcmtt12.c</name>
			<type>1</type>
			<locationURI>SW_ROOT/grlib/fonts/fontcmtt12.c</locationURI>
		</link>
		<link>
			<name>fonts/fontcmtt14.c</name>
			<type>1</type>
			<locationURI>SW_ROOT/grlib/fonts/fontcmtt14.c</locationURI>
		</link>
		<link>
			<name>fonts/fontcmtt16.c</name>
			<type>1</type>
			<locationURI>SW_ROOT/grlib/fonts/fontcmtt16.c</locationURI>
		</link>
		<link>
			<name>fonts/fontcmtt18.c</name>
			<type>1</type>
			<locationURI>SW_ROOT/grlib/fonts/fontcmtt18.c</locationURI>
		</link>
		<link>
			<name>fonts/fontcmtt20.c</name>
			<type>1</type>
			<locationURI>SW_ROOT/grlib/fonts/fontcmtt20.c</locationURI>
		</link>
		<link>
			<name>fonts/fontcmtt22.c</name>
			<type>1</type>
			<locationURI>SW_ROOT/grlib/fonts/fontcmtt22.c</locationURI>
		</link>
		<link>
			<name>fonts/fontcmtt24.c</name>
			<type>1</type>
			<locationURI>SW_ROOT/grlib/fonts/fontcmtt24.c</locationURI>
		</link>
		<link>
			<name>fonts/fontcmtt26.c</name>
			<type>1</type>
			<locationURI>SW_ROOT/grlib/fonts/fontcmtt26.c</locationURI>
		</link>
		<link>
			<name>fonts/fontcmtt28.c</name>
			<type>1</type>
			<locationURI>SW_ROOT/grlib/fonts/fontcmtt28.c</locationURI>
		</link>
		<link>
			<name>fonts/fontcmtt30.c</name>
			<type>1</type>
			<locationURI>SW_ROOT/grlib/fonts/fontcmtt30.c</locationURI>
		</link>
		<link>
			<name>fonts/fontcmtt32.c</name>
			<type>1</type>
			<locationURI>SW_ROOT/grlib/fonts/fontcmtt32.c</locationURI>
		</link>
		<link>
			<name>fonts/fontcmtt34.c</name>
			<type>1</type>
			<locationURI>SW_ROOT/grlib/fonts/fontcmtt34.c</locationURI>
		</link>
		<link>
			<name>fonts/fontcmtt36.c</name>
			<type>1</type>
			<locationURI>SW_ROOT/grlib/fonts/fontcmtt36.c</locationURI>
		</link>
		<link>
			<name>fonts/fontcmtt38.c</name>
			<type>1</type>
			<locationURI>SW_ROOT/grlib/fonts/fontcmtt38.c</locationURI>
		</link>
		<link>
			<name>fonts/fontcmtt40.c</name>
			<type>1</type>
			<locationURI>SW_ROOT/grlib/fonts/fontcmtt40.c</locationURI>
		</link>
		<link>
			<name>fonts/fontcmtt42.c</name>
			<type>1</type>
			<locationURI>SW_ROOT/grlib/fonts/fontcmtt42.c</locationURI>
		</link>
		<link>
			<name>fonts/fontcmtt44.c</name>
			<type>1</type>
			<locationURI>SW_ROOT/grlib/fonts/fontcmtt44.c</locationURI>
		</link>
		<link>
			<name>fonts/fontcmtt46.c</name>
			<type>1</type>
			<locationURI>SW_ROOT/grlib/fonts/fontcmtt46.c</locationURI>
		</link>
		<link>
			<name>fonts/fontcmtt48.c</name>
			<type>1</type>
			<locationURI>SW_ROOT/grlib/fonts/fontcmtt48.c</locationURI>
		</link>
		<link>
			<name>fonts/fontfixed6x8.c</name>
			<type>1</type>
			<locationURI>SW_ROOT/grlib/fonts/fontfixed6x8.c</locationURI>
		</link>
	</linkedResources>
	<variableList>
		<variable>
			<name>SW_ROOT</name>
			<value>$%7BPARENT-2-PROJECT_LOC%7D</value>
		</variable>
	</variableList>
</projectDescription>
